{"stats":{"minecraft:used":{"minecraft:cooked_mutton":5,"minecraft:stone_pickaxe":116,"minecraft:chest":2,"minecraft:shield":1,"minecraft:iron_sword":18,"minecraft:torch":35,"minecraft:dirt":3,"minecraft:white_bed":1,"minecraft:tuff":1,"minecraft:iron_pickaxe":184,"minecraft:cobblestone":2,"minecraft:cobbled_deepslate":1},"minecraft:broken":{"minecraft:stone_pickaxe":1},"minecraft:picked_up":{"minecraft:iron_chestplate":2,"minecraft:tuff":17,"minecraft:oak_log":4,"minecraft:shield":2,"minecraft:dirt":8,"minecraft:iron_leggings":2,"minecraft:cooked_mutton":14,"minecraft:bone":2,"minecraft:bow":1,"minecraft:wheat_seeds":5,"minecraft:cobbled_deepslate":86,"minecraft:raw_gold":24,"minecraft:beef":2,"minecraft:stone_pickaxe":1,"minecraft:iron_pickaxe":4,"minecraft:iron_sword":2,"minecraft:acacia_sapling":5,"minecraft:raw_iron":20,"minecraft:torch":35,"minecraft:acacia_log":4,"minecraft:gravel":3,"minecraft:diorite":23,"minecraft:white_bed":2,"minecraft:redstone":125,"minecraft:arrow":1,"minecraft:slime_ball":1,"minecraft:diamond":6,"minecraft:granite":1,"minecraft:mutton":1,"minecraft:coal":55,"minecraft:white_wool":1,"minecraft:cobblestone":6},"minecraft:killed":{"minecraft:sheep":1,"minecraft:skeleton":2,"minecraft:zombie":2,"minecraft:cow":1},"minecraft:killed_by":{"minecraft:skeleton":1,"minecraft:zombie":1},"minecraft:custom":{"minecraft:interact_with_furnace":1,"minecraft:mob_kills":8,"minecraft:interact_with_crafting_table":2,"minecraft:time_since_death":3238,"minecraft:sleep_in_bed":1,"minecraft:time_since_rest":3265,"minecraft:sprint_one_cm":132620,"minecraft:damage_taken":1433,"minecraft:walk_one_cm":234471,"minecraft:damage_blocked_by_shield":40,"minecraft:damage_dealt":1205,"minecraft:swim_one_cm":3463,"minecraft:fly_one_cm":22282,"minecraft:open_chest":3,"minecraft:play_time":48221,"minecraft:deaths":4,"minecraft:walk_under_water_one_cm":6317,"minecraft:jump":585,"minecraft:walk_on_water_one_cm":22917,"minecraft:total_world_time":48221,"minecraft:fall_one_cm":14466},"minecraft:crafted":{"minecraft:oak_planks":16,"minecraft:stick":16,"minecraft:chest":2,"minecraft:acacia_planks":16,"minecraft:torch":64},"minecraft:mined":{"minecraft:deepslate_redstone_ore":28,"minecraft:tuff":18,"minecraft:acacia_leaves":7,"minecraft:white_bed":2,"minecraft:deepslate_diamond_ore":6,"minecraft:glow_lichen":1,"minecraft:granite":1,"minecraft:short_grass":57,"minecraft:acacia_log":4,"minecraft:grass_block":5,"minecraft:tall_grass":6,"minecraft:cobblestone":1,"minecraft:deepslate_gold_ore":11,"minecraft:diorite":23,"minecraft:iron_ore":5,"minecraft:cobbled_deepslate":1,"minecraft:coal_ore":51,"minecraft:oak_log":4,"minecraft:deepslate_iron_ore":15,"minecraft:dirt":3,"minecraft:stone":4,"minecraft:gold_ore":11,"minecraft:oak_leaves":2,"minecraft:deepslate":84}},"DataVersion":3955}