{"stats":{"minecraft:used":{"minecraft:cooked_mutton":13,"minecraft:water_bucket":17,"minecraft:stone_pickaxe":129,"minecraft:chest":2,"minecraft:shield":8,"minecraft:iron_sword":215,"minecraft:diamond_axe":99,"minecraft:torch":106,"minecraft:dirt":437,"minecraft:white_bed":1,"minecraft:tuff":1,"minecraft:jungle_sapling":2,"minecraft:diamond_pickaxe":184,"minecraft:diamond_shovel":506,"minecraft:birch_sapling":2,"minecraft:bread":9,"minecraft:iron_pickaxe":347,"minecraft:stone_axe":3,"minecraft:cobblestone":13,"minecraft:cooked_porkchop":4,"minecraft:bucket":18,"minecraft:andesite":5,"minecraft:cooked_beef":1,"minecraft:cobbled_deepslate":1},"minecraft:broken":{"minecraft:stone_pickaxe":2,"minecraft:iron_pickaxe":1},"minecraft:picked_up":{"minecraft:birch_log":27,"minecraft:cocoa_beans":9,"minecraft:crafting_table":1,"minecraft:iron_chestplate":3,"minecraft:salmon":3,"minecraft:jungle_log":17,"minecraft:andesite":9,"minecraft:leather":2,"minecraft:tuff":29,"minecraft:oak_log":16,"minecraft:shield":3,"minecraft:lapis_lazuli":25,"minecraft:string":3,"minecraft:dirt":519,"minecraft:iron_leggings":3,"minecraft:cooked_mutton":14,"minecraft:bone":4,"minecraft:birch_sapling":2,"minecraft:bow":1,"minecraft:diamond_leggings":1,"minecraft:wheat_seeds":18,"minecraft:red_sand":11,"minecraft:jungle_sapling":2,"minecraft:cobbled_deepslate":139,"minecraft:raw_gold":47,"minecraft:beef":17,"minecraft:stone_pickaxe":2,"minecraft:bamboo":22,"minecraft:melon_slice":13,"minecraft:iron_pickaxe":5,"minecraft:diamond_helmet":1,"minecraft:sugar_cane":3,"minecraft:chest":2,"minecraft:iron_sword":3,"minecraft:acacia_sapling":5,"minecraft:iron_boots":1,"minecraft:egg":1,"minecraft:stick":11,"minecraft:raw_iron":89,"minecraft:dandelion":7,"minecraft:torch":37,"minecraft:acacia_log":4,"minecraft:gravel":3,"minecraft:porkchop":14,"minecraft:pointed_dripstone":1,"minecraft:diorite":32,"minecraft:white_bed":2,"minecraft:redstone":213,"minecraft:spider_eye":1,"minecraft:diamond_chestplate":1,"minecraft:arrow":4,"minecraft:rotten_flesh":2,"minecraft:slime_ball":1,"minecraft:diamond":15,"minecraft:stone_axe":1,"minecraft:diamond_boots":1,"minecraft:iron_helmet":1,"minecraft:armadillo_scute":1,"minecraft:granite":1,"minecraft:oxeye_daisy":4,"minecraft:oak_sapling":3,"minecraft:obsidian":17,"minecraft:mutton":9,"minecraft:coal":115,"minecraft:diamond_pickaxe":1,"minecraft:white_wool":7,"minecraft:cobblestone":77},"minecraft:killed":{"minecraft:pig":6,"minecraft:zombie_villager":1,"minecraft:salmon":4,"minecraft:spider":5,"minecraft:sheep":7,"minecraft:skeleton":3,"minecraft:zombie":7,"minecraft:cow":7},"minecraft:killed_by":{"minecraft:skeleton":1,"minecraft:zombie":1},"minecraft:custom":{"minecraft:interact_with_furnace":26,"minecraft:mob_kills":42,"minecraft:interact_with_crafting_table":12,"minecraft:interact_with_stonecutter":1,"minecraft:time_since_death":123702,"minecraft:climb_one_cm":904,"minecraft:sleep_in_bed":5,"minecraft:time_since_rest":37516,"minecraft:sprint_one_cm":538697,"minecraft:damage_taken":2656,"minecraft:walk_one_cm":860855,"minecraft:damage_blocked_by_shield":395,"minecraft:drop":5,"minecraft:damage_dealt":5987,"minecraft:swim_one_cm":4560,"minecraft:fly_one_cm":61423,"minecraft:open_chest":44,"minecraft:crouch_one_cm":75,"minecraft:play_time":180221,"minecraft:deaths":5,"minecraft:sneak_time":151,"minecraft:walk_under_water_one_cm":34589,"minecraft:jump":1817,"minecraft:interact_with_blast_furnace":1,"minecraft:walk_on_water_one_cm":60012,"minecraft:total_world_time":180221,"minecraft:fall_one_cm":31225,"minecraft:horse_one_cm":1521},"minecraft:dropped":{"minecraft:coal":5,"minecraft:oxeye_daisy":4,"minecraft:dandelion":2},"minecraft:mined":{"minecraft:deepslate_redstone_ore":48,"minecraft:tuff":34,"minecraft:acacia_leaves":7,"minecraft:white_bed":2,"minecraft:deepslate_diamond_ore":12,"minecraft:jungle_leaves":10,"minecraft:dandelion":2,"minecraft:obsidian":17,"minecraft:crafting_table":1,"minecraft:glow_lichen":2,"minecraft:granite":1,"minecraft:short_grass":129,"minecraft:red_sand":11,"minecraft:acacia_log":4,"minecraft:grass_block":431,"minecraft:melon":2,"minecraft:chest":2,"minecraft:jungle_log":17,"minecraft:dead_bush":3,"minecraft:tall_grass":12,"minecraft:cobblestone":1,"minecraft:sugar_cane":2,"minecraft:lapis_ore":4,"minecraft:deepslate_gold_ore":34,"minecraft:oxeye_daisy":1,"minecraft:diorite":25,"minecraft:seagrass":1,"minecraft:birch_log":27,"minecraft:iron_ore":38,"minecraft:cobbled_deepslate":1,"minecraft:birch_leaves":7,"minecraft:andesite":6,"minecraft:vine":15,"minecraft:cocoa":3,"minecraft:coal_ore":108,"minecraft:oak_log":16,"minecraft:deepslate_iron_ore":50,"minecraft:dirt":105,"minecraft:bamboo":4,"minecraft:fern":3,"minecraft:stone":57,"minecraft:gold_ore":11,"minecraft:oak_leaves":6,"minecraft:deepslate":116},"minecraft:crafted":{"minecraft:cooked_beef":1,"minecraft:oak_planks":16,"minecraft:cooked_porkchop":4,"minecraft:diamond_axe":1,"minecraft:diamond_shovel":1,"minecraft:bucket":1,"minecraft:bone_meal":6,"minecraft:cooked_mutton":8,"minecraft:stick":36,"minecraft:iron_pickaxe":1,"minecraft:chest":2,"minecraft:acacia_planks":16,"minecraft:torch":140,"minecraft:lead":2}},"DataVersion":3955}