{"stats":{"minecraft:used":{"minecraft:cooked_mutton":5,"minecraft:stone_pickaxe":129,"minecraft:chest":2,"minecraft:shield":3,"minecraft:iron_sword":83,"minecraft:torch":35,"minecraft:dirt":7,"minecraft:white_bed":1,"minecraft:tuff":1,"minecraft:bread":6,"minecraft:iron_pickaxe":213,"minecraft:stone_axe":3,"minecraft:cobblestone":6,"minecraft:andesite":5,"minecraft:cobbled_deepslate":1},"minecraft:broken":{"minecraft:stone_pickaxe":2},"minecraft:picked_up":{"minecraft:crafting_table":1,"minecraft:iron_chestplate":3,"minecraft:andesite":5,"minecraft:leather":2,"minecraft:tuff":17,"minecraft:oak_log":4,"minecraft:shield":3,"minecraft:string":1,"minecraft:dirt":23,"minecraft:iron_leggings":3,"minecraft:cooked_mutton":14,"minecraft:bone":2,"minecraft:bow":1,"minecraft:wheat_seeds":6,"minecraft:cobbled_deepslate":90,"minecraft:raw_gold":29,"minecraft:beef":12,"minecraft:stone_pickaxe":2,"minecraft:iron_pickaxe":5,"minecraft:chest":2,"minecraft:iron_sword":3,"minecraft:acacia_sapling":5,"minecraft:iron_boots":1,"minecraft:stick":4,"minecraft:raw_iron":31,"minecraft:torch":35,"minecraft:acacia_log":4,"minecraft:gravel":3,"minecraft:porkchop":4,"minecraft:diorite":23,"minecraft:white_bed":2,"minecraft:redstone":125,"minecraft:spider_eye":1,"minecraft:arrow":1,"minecraft:slime_ball":1,"minecraft:diamond":6,"minecraft:stone_axe":1,"minecraft:iron_helmet":1,"minecraft:granite":1,"minecraft:oak_sapling":3,"minecraft:mutton":8,"minecraft:coal":55,"minecraft:white_wool":6,"minecraft:cobblestone":16},"minecraft:killed":{"minecraft:pig":2,"minecraft:spider":2,"minecraft:sheep":6,"minecraft:skeleton":2,"minecraft:zombie":2,"minecraft:cow":5},"minecraft:killed_by":{"minecraft:skeleton":1,"minecraft:zombie":1},"minecraft:custom":{"minecraft:interact_with_furnace":7,"minecraft:mob_kills":21,"minecraft:interact_with_crafting_table":5,"minecraft:time_since_death":27702,"minecraft:sleep_in_bed":2,"minecraft:time_since_rest":14915,"minecraft:sprint_one_cm":238322,"minecraft:damage_taken":1918,"minecraft:walk_one_cm":396799,"minecraft:damage_blocked_by_shield":60,"minecraft:damage_dealt":2583,"minecraft:swim_one_cm":3908,"minecraft:fly_one_cm":32554,"minecraft:open_chest":24,"minecraft:crouch_one_cm":75,"minecraft:play_time":84221,"minecraft:deaths":5,"minecraft:sneak_time":10,"minecraft:walk_under_water_one_cm":13155,"minecraft:jump":923,"minecraft:interact_with_blast_furnace":1,"minecraft:walk_on_water_one_cm":33530,"minecraft:total_world_time":84221,"minecraft:fall_one_cm":21142,"minecraft:horse_one_cm":1521},"minecraft:mined":{"minecraft:deepslate_redstone_ore":28,"minecraft:tuff":18,"minecraft:acacia_leaves":7,"minecraft:white_bed":2,"minecraft:deepslate_diamond_ore":6,"minecraft:crafting_table":1,"minecraft:glow_lichen":1,"minecraft:granite":1,"minecraft:short_grass":71,"minecraft:acacia_log":4,"minecraft:grass_block":9,"minecraft:chest":2,"minecraft:tall_grass":7,"minecraft:cobblestone":1,"minecraft:deepslate_gold_ore":16,"minecraft:diorite":23,"minecraft:iron_ore":5,"minecraft:cobbled_deepslate":1,"minecraft:andesite":5,"minecraft:coal_ore":51,"minecraft:oak_log":4,"minecraft:deepslate_iron_ore":26,"minecraft:dirt":14,"minecraft:stone":15,"minecraft:gold_ore":11,"minecraft:oak_leaves":2,"minecraft:deepslate":88},"minecraft:crafted":{"minecraft:cooked_beef":1,"minecraft:oak_planks":16,"minecraft:cooked_porkchop":4,"minecraft:bone_meal":6,"minecraft:cooked_mutton":1,"minecraft:stick":16,"minecraft:chest":2,"minecraft:acacia_planks":16,"minecraft:torch":64}},"DataVersion":3955}