{"stats":{"minecraft:used":{"minecraft:chest":2,"minecraft:shield":8,"minecraft:iron_sword":216,"minecraft:torch":106,"minecraft:dirt":771,"minecraft:tuff":1,"minecraft:jungle_sapling":2,"minecraft:birch_sapling":2,"minecraft:bamboo":22,"minecraft:egg":1,"minecraft:cooked_beef":1,"minecraft:cobbled_deepslate":1,"minecraft:cooked_mutton":13,"minecraft:water_bucket":45,"minecraft:stone_pickaxe":129,"minecraft:diamond_axe":149,"minecraft:sugar_cane":3,"minecraft:white_bed":1,"minecraft:diamond_pickaxe":184,"minecraft:diamond_shovel":853,"minecraft:bread":9,"minecraft:iron_pickaxe":347,"minecraft:stone_axe":3,"minecraft:cobblestone":13,"minecraft:cooked_porkchop":6,"minecraft:andesite":5,"minecraft:bucket":45,"minecraft:bone_meal":3},"minecraft:broken":{"minecraft:stone_pickaxe":2,"minecraft:iron_pickaxe":1},"minecraft:picked_up":{"minecraft:cocoa_beans":9,"minecraft:iron_chestplate":3,"minecraft:crafting_table":1,"minecraft:azure_bluet":1,"minecraft:shield":3,"minecraft:string":4,"minecraft:iron_leggings":3,"minecraft:diamond_leggings":1,"minecraft:red_sand":11,"minecraft:cobbled_deepslate":139,"minecraft:beef":17,"minecraft:jungle_sapling":2,"minecraft:iron_pickaxe":5,"minecraft:melon_slice":13,"minecraft:sugar_cane":3,"minecraft:chest":2,"minecraft:birch_sapling":3,"minecraft:iron_boots":1,"minecraft:egg":1,"minecraft:stick":20,"minecraft:raw_iron":89,"minecraft:torch":37,"minecraft:acacia_log":4,"minecraft:porkchop":14,"minecraft:pointed_dripstone":1,"minecraft:diorite":32,"minecraft:redstone":213,"minecraft:rotten_flesh":4,"minecraft:arrow":6,"minecraft:diamond_chestplate":1,"minecraft:diamond_boots":1,"minecraft:armadillo_scute":1,"minecraft:mutton":9,"minecraft:obsidian":17,"minecraft:white_wool":7,"minecraft:cobblestone":77,"minecraft:oxeye_daisy":4,"minecraft:birch_log":34,"minecraft:andesite":9,"minecraft:jungle_log":26,"minecraft:salmon":3,"minecraft:leather":2,"minecraft:tuff":29,"minecraft:oak_log":31,"minecraft:gunpowder":3,"minecraft:lapis_lazuli":25,"minecraft:dirt":825,"minecraft:cooked_mutton":14,"minecraft:bone":4,"minecraft:bow":1,"minecraft:wheat_seeds":25,"minecraft:raw_gold":47,"minecraft:stone_pickaxe":2,"minecraft:diamond_helmet":1,"minecraft:bamboo":22,"minecraft:iron_sword":3,"minecraft:acacia_sapling":5,"minecraft:dandelion":8,"minecraft:gravel":3,"minecraft:white_bed":2,"minecraft:spider_eye":1,"minecraft:slime_ball":1,"minecraft:diamond":15,"minecraft:stone_axe":1,"minecraft:iron_helmet":1,"minecraft:granite":1,"minecraft:oak_sapling":3,"minecraft:coal":115,"minecraft:diamond_pickaxe":1},"minecraft:killed":{"minecraft:spider":5,"minecraft:skeleton":3,"minecraft:pig":6,"minecraft:zombie_villager":1,"minecraft:salmon":4,"minecraft:sheep":7,"minecraft:zombie":7,"minecraft:cow":7},"minecraft:killed_by":{"minecraft:skeleton":1,"minecraft:zombie":1},"minecraft:custom":{"minecraft:mob_kills":42,"minecraft:interact_with_crafting_table":12,"minecraft:time_since_death":147702,"minecraft:climb_one_cm":904,"minecraft:sprint_one_cm":680569,"minecraft:walk_one_cm":971162,"minecraft:damage_blocked_by_shield":395,"minecraft:drop":5,"minecraft:play_time":204221,"minecraft:sneak_time":210,"minecraft:deaths":5,"minecraft:walk_under_water_one_cm":35682,"minecraft:jump":1951,"minecraft:interact_with_blast_furnace":1,"minecraft:walk_on_water_one_cm":67499,"minecraft:total_world_time":204221,"minecraft:interact_with_furnace":29,"minecraft:interact_with_stonecutter":1,"minecraft:sleep_in_bed":7,"minecraft:time_since_rest":7796,"minecraft:damage_taken":2656,"minecraft:damage_dealt":6047,"minecraft:swim_one_cm":4560,"minecraft:fly_one_cm":71420,"minecraft:open_chest":45,"minecraft:crouch_one_cm":255,"minecraft:fall_one_cm":31225,"minecraft:horse_one_cm":1521},"minecraft:dropped":{"minecraft:coal":5,"minecraft:oxeye_daisy":4,"minecraft:dandelion":2},"minecraft:crafted":{"minecraft:oak_planks":16,"minecraft:bone_meal":6,"minecraft:diamond_shovel":1,"minecraft:cooked_mutton":8,"minecraft:chest":2,"minecraft:lead":2,"minecraft:cooked_beef":1,"minecraft:cooked_porkchop":7,"minecraft:diamond_axe":1,"minecraft:bucket":1,"minecraft:stick":36,"minecraft:iron_pickaxe":1,"minecraft:acacia_planks":16,"minecraft:torch":140},"minecraft:mined":{"minecraft:tuff":34,"minecraft:white_bed":2,"minecraft:deepslate_diamond_ore":12,"minecraft:jungle_leaves":10,"minecraft:obsidian":17,"minecraft:glow_lichen":2,"minecraft:granite":1,"minecraft:red_sand":11,"minecraft:acacia_log":4,"minecraft:grass_block":664,"minecraft:jungle_log":26,"minecraft:oxeye_daisy":1,"minecraft:cobbled_deepslate":1,"minecraft:iron_ore":38,"minecraft:andesite":6,"minecraft:azure_bluet":1,"minecraft:deepslate_iron_ore":50,"minecraft:vine":15,"minecraft:bamboo":4,"minecraft:stone":57,"minecraft:deepslate_redstone_ore":48,"minecraft:acacia_leaves":7,"minecraft:dandelion":3,"minecraft:crafting_table":1,"minecraft:short_grass":162,"minecraft:melon":2,"minecraft:chest":2,"minecraft:dead_bush":3,"minecraft:cobblestone":1,"minecraft:tall_grass":12,"minecraft:deepslate_gold_ore":34,"minecraft:lapis_ore":4,"minecraft:sugar_cane":2,"minecraft:diorite":25,"minecraft:seagrass":1,"minecraft:birch_log":34,"minecraft:birch_leaves":7,"minecraft:oak_log":31,"minecraft:coal_ore":108,"minecraft:cocoa":3,"minecraft:dirt":180,"minecraft:gold_ore":11,"minecraft:oak_leaves":26,"minecraft:deepslate":116,"minecraft:fern":3}},"DataVersion":3955}