{"stats":{"minecraft:used":{"minecraft:cooked_mutton":8,"minecraft:water_bucket":17,"minecraft:stone_pickaxe":129,"minecraft:chest":2,"minecraft:shield":8,"minecraft:iron_sword":126,"minecraft:torch":57,"minecraft:dirt":10,"minecraft:white_bed":1,"minecraft:tuff":1,"minecraft:diamond_pickaxe":90,"minecraft:bread":6,"minecraft:iron_pickaxe":347,"minecraft:stone_axe":3,"minecraft:cobblestone":13,"minecraft:cooked_porkchop":4,"minecraft:bucket":18,"minecraft:andesite":5,"minecraft:cooked_beef":1,"minecraft:cobbled_deepslate":1},"minecraft:broken":{"minecraft:stone_pickaxe":2,"minecraft:iron_pickaxe":1},"minecraft:picked_up":{"minecraft:crafting_table":1,"minecraft:iron_chestplate":3,"minecraft:andesite":9,"minecraft:leather":2,"minecraft:tuff":29,"minecraft:oak_log":4,"minecraft:shield":3,"minecraft:lapis_lazuli":25,"minecraft:string":3,"minecraft:dirt":28,"minecraft:iron_leggings":3,"minecraft:cooked_mutton":14,"minecraft:bone":4,"minecraft:bow":1,"minecraft:diamond_leggings":1,"minecraft:wheat_seeds":6,"minecraft:cobbled_deepslate":139,"minecraft:raw_gold":47,"minecraft:beef":12,"minecraft:stone_pickaxe":2,"minecraft:iron_pickaxe":5,"minecraft:diamond_helmet":1,"minecraft:chest":2,"minecraft:iron_sword":3,"minecraft:acacia_sapling":5,"minecraft:iron_boots":1,"minecraft:stick":5,"minecraft:raw_iron":89,"minecraft:torch":37,"minecraft:acacia_log":4,"minecraft:gravel":3,"minecraft:porkchop":4,"minecraft:pointed_dripstone":1,"minecraft:diorite":32,"minecraft:white_bed":2,"minecraft:redstone":213,"minecraft:spider_eye":1,"minecraft:diamond_chestplate":1,"minecraft:arrow":4,"minecraft:rotten_flesh":2,"minecraft:slime_ball":1,"minecraft:diamond":15,"minecraft:stone_axe":1,"minecraft:diamond_boots":1,"minecraft:iron_helmet":1,"minecraft:granite":1,"minecraft:oak_sapling":3,"minecraft:obsidian":17,"minecraft:mutton":8,"minecraft:coal":67,"minecraft:diamond_pickaxe":1,"minecraft:white_wool":6,"minecraft:cobblestone":72},"minecraft:killed":{"minecraft:pig":2,"minecraft:zombie_villager":1,"minecraft:spider":2,"minecraft:sheep":6,"minecraft:skeleton":3,"minecraft:zombie":4,"minecraft:cow":5},"minecraft:killed_by":{"minecraft:skeleton":1,"minecraft:zombie":1},"minecraft:custom":{"minecraft:interact_with_furnace":18,"minecraft:mob_kills":25,"minecraft:interact_with_crafting_table":10,"minecraft:interact_with_stonecutter":1,"minecraft:time_since_death":75702,"minecraft:sleep_in_bed":4,"minecraft:time_since_rest":5463,"minecraft:sprint_one_cm":343158,"minecraft:damage_taken":2481,"minecraft:walk_one_cm":577001,"minecraft:damage_blocked_by_shield":395,"minecraft:drop":1,"minecraft:damage_dealt":4069,"minecraft:swim_one_cm":3908,"minecraft:fly_one_cm":41291,"minecraft:open_chest":41,"minecraft:crouch_one_cm":75,"minecraft:play_time":132221,"minecraft:deaths":5,"minecraft:sneak_time":52,"minecraft:walk_under_water_one_cm":30382,"minecraft:jump":1445,"minecraft:interact_with_blast_furnace":1,"minecraft:walk_on_water_one_cm":52706,"minecraft:total_world_time":132221,"minecraft:fall_one_cm":27945,"minecraft:horse_one_cm":1521},"minecraft:dropped":{"minecraft:coal":5},"minecraft:mined":{"minecraft:deepslate_redstone_ore":48,"minecraft:tuff":34,"minecraft:acacia_leaves":7,"minecraft:white_bed":2,"minecraft:deepslate_diamond_ore":12,"minecraft:obsidian":17,"minecraft:crafting_table":1,"minecraft:glow_lichen":2,"minecraft:granite":1,"minecraft:short_grass":75,"minecraft:acacia_log":4,"minecraft:grass_block":12,"minecraft:chest":2,"minecraft:tall_grass":7,"minecraft:cobblestone":1,"minecraft:lapis_ore":4,"minecraft:deepslate_gold_ore":34,"minecraft:diorite":25,"minecraft:iron_ore":38,"minecraft:cobbled_deepslate":1,"minecraft:andesite":6,"minecraft:coal_ore":60,"minecraft:oak_log":4,"minecraft:deepslate_iron_ore":50,"minecraft:dirt":16,"minecraft:stone":52,"minecraft:gold_ore":11,"minecraft:oak_leaves":3,"minecraft:deepslate":116},"minecraft:crafted":{"minecraft:cooked_beef":1,"minecraft:oak_planks":16,"minecraft:cooked_porkchop":4,"minecraft:bucket":1,"minecraft:bone_meal":6,"minecraft:cooked_mutton":8,"minecraft:stick":32,"minecraft:iron_pickaxe":1,"minecraft:chest":2,"minecraft:acacia_planks":16,"minecraft:torch":84,"minecraft:lead":2}},"DataVersion":3955}