{"stats":{"minecraft:crafted":{"minecraft:oak_planks":48,"minecraft:furnace":1,"minecraft:stone":74,"minecraft:cobblestone_stairs":16,"minecraft:bone_meal":15,"minecraft:diamond_shovel":1,"minecraft:cooked_mutton":8,"minecraft:spruce_stairs":8,"minecraft:chest":4,"minecraft:dark_oak_planks":256,"minecraft:stone_bricks":32,"minecraft:lead":2,"minecraft:cooked_beef":51,"minecraft:diamond_sword":1,"minecraft:cooked_porkchop":14,"minecraft:diamond_axe":1,"minecraft:crafting_table":3,"minecraft:spruce_planks":56,"minecraft:bucket":1,"minecraft:oak_boat":2,"minecraft:stone_brick_stairs":12,"minecraft:spruce_trapdoor":6,"minecraft:stick":36,"minecraft:iron_ingot":1,"minecraft:iron_pickaxe":1,"minecraft:gold_ingot":36,"minecraft:stonecutter":1,"minecraft:acacia_planks":16,"minecraft:torch":140},"minecraft:used":{"minecraft:chest":4,"minecraft:shield":19,"minecraft:stone":20,"minecraft:iron_sword":316,"minecraft:torch":113,"minecraft:dirt":830,"minecraft:spruce_stairs":4,"minecraft:tuff":1,"minecraft:granite":9,"minecraft:obsidian":2,"minecraft:jungle_sapling":2,"minecraft:birch_sapling":3,"minecraft:stone_brick_stairs":19,"minecraft:stone_bricks":18,"minecraft:bamboo":22,"minecraft:oak_sapling":2,"minecraft:furnace":1,"minecraft:egg":1,"minecraft:cooked_beef":18,"minecraft:cobbled_deepslate":1,"minecraft:dark_oak_sapling":20,"minecraft:cooked_mutton":13,"minecraft:acacia_boat":7,"minecraft:water_bucket":45,"minecraft:cobblestone_stairs":3,"minecraft:stone_pickaxe":129,"minecraft:oak_planks":1,"minecraft:stonecutter":1,"minecraft:diamond_axe":413,"minecraft:sugar_cane":47,"minecraft:crafting_table":4,"minecraft:white_bed":2,"minecraft:oak_log":11,"minecraft:diamond_pickaxe":877,"minecraft:diamond_shovel":1039,"minecraft:dark_oak_log":6,"minecraft:bread":15,"minecraft:iron_pickaxe":476,"minecraft:spruce_trapdoor":5,"minecraft:stone_axe":3,"minecraft:diamond_sword":203,"minecraft:cobblestone":121,"minecraft:purple_bed":2,"minecraft:cooked_porkchop":14,"minecraft:andesite":5,"minecraft:bucket":46,"minecraft:oak_boat":17,"minecraft:dandelion":1,"minecraft:bone_meal":12},"minecraft:custom":{"minecraft:mob_kills":74,"minecraft:interact_with_crafting_table":30,"minecraft:bell_ring":1,"minecraft:leave_game":6,"minecraft:time_since_death":421611,"minecraft:climb_one_cm":2866,"minecraft:sprint_one_cm":1843433,"minecraft:walk_one_cm":2076266,"minecraft:damage_blocked_by_shield":1525,"minecraft:drop":33,"minecraft:talked_to_villager":1,"minecraft:play_time":478130,"minecraft:sneak_time":1456,"minecraft:deaths":5,"minecraft:walk_under_water_one_cm":41984,"minecraft:boat_one_cm":1355881,"minecraft:jump":4154,"minecraft:interact_with_blast_furnace":2,"minecraft:walk_on_water_one_cm":131874,"minecraft:total_world_time":478130,"minecraft:interact_with_furnace":44,"minecraft:interact_with_stonecutter":3,"minecraft:sleep_in_bed":20,"minecraft:time_since_rest":50480,"minecraft:damage_taken":3544,"minecraft:damage_dealt":10352,"minecraft:swim_one_cm":5459,"minecraft:fly_one_cm":179905,"minecraft:open_chest":93,"minecraft:crouch_one_cm":5507,"minecraft:fall_one_cm":46605,"minecraft:horse_one_cm":1521},"minecraft:broken":{"minecraft:stone_pickaxe":2,"minecraft:iron_pickaxe":2},"minecraft:dropped":{"minecraft:brown_mushroom":6,"minecraft:wheat_seeds":6,"minecraft:cooked_porkchop":2,"minecraft:coal":5,"minecraft:oxeye_daisy":5,"minecraft:large_fern":1,"minecraft:cornflower":2,"minecraft:cactus":16,"minecraft:string":1,"minecraft:lily_pad":3,"minecraft:white_wool":1,"minecraft:dandelion":13,"minecraft:pointed_dripstone":1,"minecraft:oak_planks":1,"minecraft:azure_bluet":3,"minecraft:pumpkin_seeds":2,"minecraft:poppy":1,"minecraft:oak_boat":1,"minecraft:arrow":2,"minecraft:egg":2},"minecraft:killed_by":{"minecraft:skeleton":1,"minecraft:zombie":1},"minecraft:killed":{"minecraft:armadillo":1,"minecraft:spider":9,"minecraft:skeleton":3,"minecraft:drowned":2,"minecraft:pig":8,"minecraft:zombie_villager":1,"minecraft:salmon":4,"minecraft:sheep":20,"minecraft:zombie":12,"minecraft:cow":11},"minecraft:picked_up":{"minecraft:cocoa_beans":30,"minecraft:iron_chestplate":3,"minecraft:crafting_table":3,"minecraft:azure_bluet":3,"minecraft:brown_mushroom":7,"minecraft:lead":1,"minecraft:stone_brick_stairs":7,"minecraft:shield":3,"minecraft:cornflower":2,"minecraft:string":6,"minecraft:raw_copper":19,"minecraft:iron_leggings":3,"minecraft:diamond_leggings":1,"minecraft:red_sand":22,"minecraft:cobbled_deepslate":139,"minecraft:beef":22,"minecraft:oak_boat":17,"minecraft:rose_bush":11,"minecraft:jungle_sapling":2,"minecraft:poppy":1,"minecraft:iron_pickaxe":5,"minecraft:light_gray_wool":1,"minecraft:chest":2,"minecraft:melon_slice":13,"minecraft:sugar_cane":56,"minecraft:birch_sapling":3,"minecraft:spruce_trapdoor":1,"minecraft:iron_boots":1,"minecraft:egg":4,"minecraft:dark_oak_sapling":16,"minecraft:stick":43,"minecraft:raw_iron":96,"minecraft:sandstone":4,"minecraft:torch":37,"minecraft:acacia_log":4,"minecraft:porkchop":19,"minecraft:pointed_dripstone":2,"minecraft:diorite":86,"minecraft:redstone":213,"minecraft:rotten_flesh":7,"minecraft:arrow":12,"minecraft:cactus":16,"minecraft:diamond_chestplate":1,"minecraft:peony":10,"minecraft:diamond_boots":1,"minecraft:armadillo_scute":1,"minecraft:obsidian":17,"minecraft:mutton":32,"minecraft:white_wool":15,"minecraft:cobblestone":541,"minecraft:oxeye_daisy":5,"minecraft:birch_log":39,"minecraft:salmon":3,"minecraft:andesite":24,"minecraft:jungle_log":26,"minecraft:leather":3,"minecraft:potato":1,"minecraft:tuff":29,"minecraft:oak_log":55,"minecraft:lily_pad":16,"minecraft:gunpowder":3,"minecraft:acacia_boat":7,"minecraft:lapis_lazuli":25,"minecraft:dirt":932,"minecraft:cooked_mutton":14,"minecraft:bone":8,"minecraft:stone_bricks":4,"minecraft:apple":2,"minecraft:bow":1,"minecraft:wheat_seeds":45,"minecraft:raw_gold":47,"minecraft:stone_pickaxe":2,"minecraft:diamond_helmet":1,"minecraft:bamboo":22,"minecraft:oak_planks":2,"minecraft:iron_sword":3,"minecraft:acacia_sapling":5,"minecraft:cooked_porkchop":2,"minecraft:sweet_berries":64,"minecraft:dandelion":23,"minecraft:gravel":3,"minecraft:sand":56,"minecraft:spruce_sapling":7,"minecraft:white_bed":2,"minecraft:spruce_log":26,"minecraft:dark_oak_log":88,"minecraft:spider_eye":2,"minecraft:mossy_cobblestone":128,"minecraft:pumpkin_seeds":2,"minecraft:purple_bed":2,"minecraft:slime_ball":1,"minecraft:diamond":15,"minecraft:stone_axe":1,"minecraft:iron_helmet":1,"minecraft:granite":21,"minecraft:gray_wool":3,"minecraft:oak_sapling":5,"minecraft:black_wool":2,"minecraft:coal":207,"minecraft:diamond_pickaxe":1},"minecraft:mined":{"minecraft:dark_oak_planks":2,"minecraft:tuff":34,"minecraft:white_bed":2,"minecraft:mossy_cobblestone":128,"minecraft:dark_oak_leaves":13,"minecraft:deepslate_diamond_ore":12,"minecraft:cobblestone_stairs":1,"minecraft:jungle_leaves":10,"minecraft:dark_oak_log":88,"minecraft:obsidian":17,"minecraft:spruce_trapdoor":1,"minecraft:glow_lichen":2,"minecraft:granite":19,"minecraft:red_sand":22,"minecraft:acacia_log":4,"minecraft:grass_block":694,"minecraft:jungle_planks":3,"minecraft:jungle_log":26,"minecraft:spruce_leaves":38,"minecraft:oxeye_daisy":1,"minecraft:sandstone":6,"minecraft:large_fern":18,"minecraft:iron_ore":45,"minecraft:cobbled_deepslate":1,"minecraft:fire":1,"minecraft:andesite":21,"minecraft:peony":10,"minecraft:azure_bluet":1,"minecraft:dark_oak_stairs":2,"minecraft:pointed_dripstone":1,"minecraft:dirt_path":7,"minecraft:deepslate_iron_ore":50,"minecraft:vine":30,"minecraft:bamboo":4,"minecraft:stone":488,"minecraft:deepslate_redstone_ore":48,"minecraft:acacia_leaves":7,"minecraft:brown_mushroom":6,"minecraft:dandelion":8,"minecraft:crafting_table":4,"minecraft:short_grass":233,"minecraft:melon":2,"minecraft:chest":2,"minecraft:dead_bush":17,"minecraft:rose_bush":11,"minecraft:campfire":1,"minecraft:copper_ore":6,"minecraft:tall_grass":19,"minecraft:cobblestone":19,"minecraft:lapis_ore":4,"minecraft:deepslate_gold_ore":34,"minecraft:oak_planks":2,"minecraft:sugar_cane":42,"minecraft:diorite":79,"minecraft:seagrass":1,"minecraft:purple_bed":3,"minecraft:cactus":5,"minecraft:blue_terracotta":1,"minecraft:birch_log":39,"minecraft:sweet_berry_bush":52,"minecraft:spruce_log":29,"minecraft:jungle_fence":1,"minecraft:birch_leaves":7,"minecraft:bee_nest":1,"minecraft:stone_brick_stairs":7,"minecraft:oak_log":56,"minecraft:coal_ore":200,"minecraft:cocoa":10,"minecraft:dark_oak_sapling":2,"minecraft:sand":62,"minecraft:dirt":219,"minecraft:stone_bricks":4,"minecraft:gold_ore":11,"minecraft:oak_leaves":30,"minecraft:deepslate":116,"minecraft:fern":17}},"DataVersion":3955}