{"stats":{"minecraft:used":{"minecraft:cooked_mutton":5,"minecraft:stone_pickaxe":129,"minecraft:chest":2,"minecraft:shield":8,"minecraft:iron_sword":108,"minecraft:torch":56,"minecraft:dirt":7,"minecraft:white_bed":1,"minecraft:tuff":1,"minecraft:bread":6,"minecraft:iron_pickaxe":339,"minecraft:stone_axe":3,"minecraft:cobblestone":6,"minecraft:cooked_porkchop":2,"minecraft:bucket":1,"minecraft:andesite":5,"minecraft:cooked_beef":1,"minecraft:cobbled_deepslate":1},"minecraft:broken":{"minecraft:stone_pickaxe":2,"minecraft:iron_pickaxe":1},"minecraft:picked_up":{"minecraft:crafting_table":1,"minecraft:iron_chestplate":3,"minecraft:andesite":6,"minecraft:leather":2,"minecraft:tuff":20,"minecraft:oak_log":4,"minecraft:shield":3,"minecraft:lapis_lazuli":25,"minecraft:string":3,"minecraft:dirt":23,"minecraft:iron_leggings":3,"minecraft:cooked_mutton":14,"minecraft:bone":3,"minecraft:bow":1,"minecraft:wheat_seeds":6,"minecraft:cobbled_deepslate":119,"minecraft:raw_gold":46,"minecraft:beef":12,"minecraft:stone_pickaxe":2,"minecraft:iron_pickaxe":5,"minecraft:chest":2,"minecraft:iron_sword":3,"minecraft:acacia_sapling":5,"minecraft:iron_boots":1,"minecraft:stick":4,"minecraft:raw_iron":72,"minecraft:torch":36,"minecraft:acacia_log":4,"minecraft:gravel":3,"minecraft:porkchop":4,"minecraft:pointed_dripstone":1,"minecraft:diorite":23,"minecraft:white_bed":2,"minecraft:redstone":205,"minecraft:spider_eye":1,"minecraft:arrow":3,"minecraft:rotten_flesh":2,"minecraft:slime_ball":1,"minecraft:diamond":10,"minecraft:stone_axe":1,"minecraft:iron_helmet":1,"minecraft:granite":1,"minecraft:oak_sapling":3,"minecraft:mutton":8,"minecraft:coal":65,"minecraft:white_wool":6,"minecraft:cobblestone":26},"minecraft:killed":{"minecraft:pig":2,"minecraft:spider":2,"minecraft:sheep":6,"minecraft:skeleton":2,"minecraft:zombie":3,"minecraft:cow":5},"minecraft:killed_by":{"minecraft:skeleton":1,"minecraft:zombie":1},"minecraft:custom":{"minecraft:interact_with_furnace":10,"minecraft:mob_kills":22,"minecraft:interact_with_crafting_table":9,"minecraft:time_since_death":51702,"minecraft:sleep_in_bed":3,"minecraft:time_since_rest":22325,"minecraft:sprint_one_cm":298500,"minecraft:damage_taken":2155,"minecraft:walk_one_cm":502079,"minecraft:damage_blocked_by_shield":395,"minecraft:drop":1,"minecraft:damage_dealt":3398,"minecraft:swim_one_cm":3908,"minecraft:fly_one_cm":38801,"minecraft:open_chest":31,"minecraft:crouch_one_cm":75,"minecraft:play_time":108221,"minecraft:deaths":5,"minecraft:sneak_time":10,"minecraft:walk_under_water_one_cm":19971,"minecraft:jump":1189,"minecraft:interact_with_blast_furnace":1,"minecraft:walk_on_water_one_cm":44945,"minecraft:total_world_time":108221,"minecraft:fall_one_cm":23761,"minecraft:horse_one_cm":1521},"minecraft:dropped":{"minecraft:coal":5},"minecraft:mined":{"minecraft:deepslate_redstone_ore":46,"minecraft:tuff":21,"minecraft:acacia_leaves":7,"minecraft:white_bed":2,"minecraft:deepslate_diamond_ore":9,"minecraft:crafting_table":1,"minecraft:glow_lichen":2,"minecraft:granite":1,"minecraft:short_grass":74,"minecraft:acacia_log":4,"minecraft:grass_block":9,"minecraft:chest":2,"minecraft:tall_grass":7,"minecraft:cobblestone":1,"minecraft:lapis_ore":4,"minecraft:deepslate_gold_ore":33,"minecraft:diorite":23,"minecraft:iron_ore":29,"minecraft:cobbled_deepslate":1,"minecraft:andesite":6,"minecraft:coal_ore":58,"minecraft:oak_log":4,"minecraft:deepslate_iron_ore":45,"minecraft:dirt":14,"minecraft:stone":22,"minecraft:gold_ore":11,"minecraft:oak_leaves":2,"minecraft:deepslate":110},"minecraft:crafted":{"minecraft:cooked_beef":1,"minecraft:oak_planks":16,"minecraft:cooked_porkchop":4,"minecraft:bucket":1,"minecraft:bone_meal":6,"minecraft:cooked_mutton":6,"minecraft:stick":32,"minecraft:iron_pickaxe":1,"minecraft:chest":2,"minecraft:acacia_planks":16,"minecraft:torch":84,"minecraft:lead":2}},"DataVersion":3955}