{"stats":{"minecraft:crafted":{"minecraft:oak_planks":136,"minecraft:dark_oak_pressure_plate":1,"minecraft:stone":138,"minecraft:cobblestone_stairs":20,"minecraft:diamond_shovel":1,"minecraft:cooked_mutton":8,"minecraft:glass":6,"minecraft:dark_oak_door":3,"minecraft:chest":4,"minecraft:stone_bricks":49,"minecraft:deepslate":53,"minecraft:cooked_porkchop":14,"minecraft:diamond_axe":1,"minecraft:crafting_table":3,"minecraft:spruce_planks":428,"minecraft:birch_planks":56,"minecraft:stone_brick_stairs":16,"minecraft:spruce_trapdoor":40,"minecraft:dark_oak_slab":30,"minecraft:stick":36,"minecraft:iron_ingot":1,"minecraft:iron_pickaxe":1,"minecraft:gold_ingot":36,"minecraft:polished_diorite_stairs":6,"minecraft:deepslate_tile_slab":8,"minecraft:stone_brick_wall":4,"minecraft:iron_nugget":54,"minecraft:furnace":1,"minecraft:dark_oak_trapdoor":4,"minecraft:bone_meal":15,"minecraft:spruce_fence":6,"minecraft:glass_pane":16,"minecraft:lantern":6,"minecraft:spruce_stairs":44,"minecraft:polished_diorite":6,"minecraft:spruce_slab":12,"minecraft:dark_oak_planks":256,"minecraft:lead":2,"minecraft:cooked_beef":51,"minecraft:diamond_sword":1,"minecraft:spruce_sign":3,"minecraft:dark_oak_stairs":20,"minecraft:bucket":1,"minecraft:dark_oak_button":3,"minecraft:deepslate_tiles":7,"minecraft:air":0,"minecraft:oak_boat":2,"minecraft:deepslate_tile_stairs":8,"minecraft:stonecutter":1,"minecraft:acacia_planks":16,"minecraft:torch":160},"minecraft:used":{"minecraft:spruce_slab":20,"minecraft:chest":4,"minecraft:shield":19,"minecraft:stone":47,"minecraft:iron_sword":316,"minecraft:spruce_leaves":1,"minecraft:cocoa_beans":6,"minecraft:tuff":1,"minecraft:stripped_spruce_log":5,"minecraft:obsidian":2,"minecraft:jungle_sapling":2,"minecraft:lantern":5,"minecraft:birch_sapling":11,"minecraft:dark_oak_slab":8,"minecraft:dark_oak_button":4,"minecraft:stone_brick_stairs":25,"minecraft:stone_bricks":29,"minecraft:sweet_berries":7,"minecraft:furnace":1,"minecraft:oak_sapling":9,"minecraft:polished_diorite_stairs":10,"minecraft:egg":1,"minecraft:dark_oak_sapling":30,"minecraft:dark_oak_stairs":9,"minecraft:diorite":37,"minecraft:birch_leaves":10,"minecraft:stone_pickaxe":129,"minecraft:oak_planks":103,"minecraft:diamond_axe":815,"minecraft:sugar_cane":47,"minecraft:dark_oak_trapdoor":6,"minecraft:stone_brick_wall":8,"minecraft:firework_rocket":9,"minecraft:dark_oak_log":6,"minecraft:bread":26,"minecraft:diamond_sword":217,"minecraft:andesite":5,"minecraft:oak_boat":17,"minecraft:bone_meal":15,"minecraft:rose_bush":8,"minecraft:spruce_planks":55,"minecraft:torch":114,"minecraft:dirt":976,"minecraft:spruce_stairs":38,"minecraft:spruce_fence":12,"minecraft:granite":9,"minecraft:polished_diorite":45,"minecraft:dark_oak_planks":110,"minecraft:bamboo":22,"minecraft:dark_oak_pressure_plate":1,"minecraft:cooked_beef":26,"minecraft:cobbled_deepslate":1,"minecraft:cooked_mutton":13,"minecraft:acacia_boat":7,"minecraft:water_bucket":45,"minecraft:cobblestone_stairs":3,"minecraft:spruce_sign":3,"minecraft:stonecutter":1,"minecraft:mossy_cobblestone":25,"minecraft:crafting_table":4,"minecraft:white_bed":3,"minecraft:spruce_log":48,"minecraft:dark_oak_door":5,"minecraft:oak_log":11,"minecraft:diamond_pickaxe":1117,"minecraft:diamond_shovel":1051,"minecraft:iron_pickaxe":476,"minecraft:spruce_trapdoor":46,"minecraft:spruce_sapling":23,"minecraft:stone_axe":3,"minecraft:cobblestone":187,"minecraft:purple_bed":2,"minecraft:cooked_porkchop":14,"minecraft:bucket":46,"minecraft:glass_pane":5,"minecraft:dandelion":1},"minecraft:custom":{"minecraft:interact_with_crafting_table":68,"minecraft:open_shulker_box":2,"minecraft:bell_ring":1,"minecraft:leave_game":7,"minecraft:time_since_death":603987,"minecraft:sprint_one_cm":2337128,"minecraft:damage_blocked_by_shield":1525,"minecraft:drop":50,"minecraft:talked_to_villager":1,"minecraft:play_time":660506,"minecraft:deaths":5,"minecraft:jump":4853,"minecraft:walk_on_water_one_cm":133101,"minecraft:interact_with_furnace":60,"minecraft:sleep_in_bed":31,"minecraft:open_enderchest":1,"minecraft:damage_dealt":10798,"minecraft:crouch_one_cm":17565,"minecraft:horse_one_cm":1521,"minecraft:mob_kills":76,"minecraft:climb_one_cm":2866,"minecraft:walk_one_cm":2931002,"minecraft:sneak_time":8295,"minecraft:walk_under_water_one_cm":42140,"minecraft:boat_one_cm":1355881,"minecraft:interact_with_blast_furnace":2,"minecraft:total_world_time":660506,"minecraft:interact_with_stonecutter":12,"minecraft:time_since_rest":8337,"minecraft:damage_taken":4238,"minecraft:swim_one_cm":5459,"minecraft:fly_one_cm":197946,"minecraft:open_chest":168,"minecraft:aviate_one_cm":19178,"minecraft:fall_one_cm":61606},"minecraft:broken":{"minecraft:stone_pickaxe":2,"minecraft:iron_pickaxe":2},"minecraft:dropped":{"minecraft:iron_sword":1,"minecraft:brown_mushroom":6,"minecraft:cooked_porkchop":2,"minecraft:elytra":1,"minecraft:large_fern":1,"minecraft:cornflower":2,"minecraft:white_wool":1,"minecraft:pointed_dripstone":1,"minecraft:oak_planks":1,"minecraft:azure_bluet":3,"minecraft:poppy":1,"minecraft:arrow":2,"minecraft:egg":2,"minecraft:firework_rocket":6,"minecraft:wheat_seeds":12,"minecraft:coal":5,"minecraft:oxeye_daisy":5,"minecraft:dark_oak_leaves":45,"minecraft:torch":1,"minecraft:cactus":16,"minecraft:string":1,"minecraft:lily_pad":3,"minecraft:dandelion":13,"minecraft:pumpkin_seeds":2,"minecraft:shield":1,"minecraft:oak_boat":1},"minecraft:killed_by":{"minecraft:zombie":1,"minecraft:skeleton":1},"minecraft:killed":{"minecraft:spider":10,"minecraft:skeleton":4,"minecraft:pig":8,"minecraft:zombie_villager":1,"minecraft:salmon":4,"minecraft:sheep":20,"minecraft:zombie":12,"minecraft:cow":11,"minecraft:armadillo":1,"minecraft:drowned":2},"minecraft:picked_up":{"minecraft:iron_chestplate":3,"minecraft:lead":1,"minecraft:stone_brick_stairs":9,"minecraft:dark_oak_trapdoor":3,"minecraft:string":6,"minecraft:dark_oak_pressure_plate":1,"minecraft:raw_copper":19,"minecraft:iron_leggings":3,"minecraft:diamond_leggings":1,"minecraft:red_sand":22,"minecraft:cobbled_deepslate":139,"minecraft:dark_oak_leaves":45,"minecraft:spruce_planks":32,"minecraft:rose_bush":11,"minecraft:iron_pickaxe":5,"minecraft:melon_slice":13,"minecraft:iron_boots":1,"minecraft:dark_oak_door":4,"minecraft:stick":75,"minecraft:torch":40,"minecraft:acacia_log":4,"minecraft:spruce_stairs":17,"minecraft:porkchop":19,"minecraft:pointed_dripstone":2,"minecraft:diorite":94,"minecraft:cactus":16,"minecraft:rotten_flesh":7,"minecraft:armadillo_scute":1,"minecraft:obsidian":17,"minecraft:cobblestone":663,"minecraft:birch_log":58,"minecraft:andesite":24,"minecraft:jungle_log":26,"minecraft:potato":1,"minecraft:tuff":29,"minecraft:acacia_boat":7,"minecraft:lantern":3,"minecraft:lapis_lazuli":25,"minecraft:dirt":1022,"minecraft:bone":8,"minecraft:bow":1,"minecraft:wheat_seeds":55,"minecraft:raw_gold":47,"minecraft:diamond_helmet":1,"minecraft:bamboo":22,"minecraft:oak_planks":26,"minecraft:cooked_porkchop":2,"minecraft:sand":56,"minecraft:stripped_spruce_log":5,"minecraft:dark_oak_log":131,"minecraft:mossy_cobblestone":128,"minecraft:diamond":15,"minecraft:granite":21,"minecraft:oak_sapling":12,"minecraft:diamond_pickaxe":1,"minecraft:spruce_leaves":5,"minecraft:cocoa_beans":30,"minecraft:crafting_table":3,"minecraft:azure_bluet":3,"minecraft:brown_mushroom":7,"minecraft:stone_brick_wall":4,"minecraft:shield":4,"minecraft:cornflower":2,"minecraft:elytra":2,"minecraft:beef":22,"minecraft:oak_boat":17,"minecraft:jungle_sapling":2,"minecraft:chest":2,"minecraft:poppy":1,"minecraft:spruce_slab":10,"minecraft:light_gray_wool":1,"minecraft:sugar_cane":56,"minecraft:birch_sapling":11,"minecraft:spruce_trapdoor":9,"minecraft:egg":4,"minecraft:dark_oak_sapling":26,"minecraft:raw_iron":96,"minecraft:sandstone":4,"minecraft:stone":10,"minecraft:spruce_fence":6,"minecraft:redstone":213,"minecraft:dark_oak_planks":10,"minecraft:diamond_chestplate":1,"minecraft:arrow":14,"minecraft:peony":10,"minecraft:diamond_boots":1,"minecraft:mutton":32,"minecraft:white_wool":15,"minecraft:oxeye_daisy":5,"minecraft:birch_leaves":30,"minecraft:dark_oak_button":1,"minecraft:salmon":3,"minecraft:leather":3,"minecraft:oak_log":83,"minecraft:lily_pad":16,"minecraft:gunpowder":3,"minecraft:cooked_mutton":14,"minecraft:apple":5,"minecraft:stone_bricks":5,"minecraft:stone_pickaxe":2,"minecraft:iron_sword":3,"minecraft:acacia_sapling":5,"minecraft:dark_oak_stairs":3,"minecraft:dark_oak_slab":3,"minecraft:sweet_berries":69,"minecraft:dandelion":23,"minecraft:gravel":3,"minecraft:spruce_sapling":27,"minecraft:white_bed":3,"minecraft:spruce_log":125,"minecraft:spider_eye":2,"minecraft:polished_diorite_stairs":5,"minecraft:firework_rocket":15,"minecraft:pumpkin_seeds":2,"minecraft:purple_bed":2,"minecraft:slime_ball":1,"minecraft:polished_diorite":22,"minecraft:stone_axe":1,"minecraft:iron_helmet":1,"minecraft:gray_wool":3,"minecraft:black_wool":2,"minecraft:coal":207},"minecraft:mined":{"minecraft:dark_oak_planks":13,"minecraft:spruce_planks":32,"minecraft:white_bed":3,"minecraft:cobblestone_stairs":1,"minecraft:jungle_leaves":10,"minecraft:obsidian":17,"minecraft:spruce_trapdoor":9,"minecraft:granite":19,"minecraft:red_sand":22,"minecraft:acacia_log":4,"minecraft:grass_block":700,"minecraft:stone_brick_wall":4,"minecraft:jungle_log":26,"minecraft:polished_diorite":25,"minecraft:oxeye_daisy":1,"minecraft:dark_oak_trapdoor":3,"minecraft:cobbled_deepslate":1,"minecraft:iron_ore":45,"minecraft:fire":1,"minecraft:azure_bluet":1,"minecraft:dark_oak_stairs":5,"minecraft:pointed_dripstone":1,"minecraft:dirt_path":8,"minecraft:spruce_slab":10,"minecraft:deepslate_redstone_ore":48,"minecraft:brown_mushroom":6,"minecraft:torch":2,"minecraft:melon":2,"minecraft:chest":2,"minecraft:dead_bush":17,"minecraft:cobblestone":54,"minecraft:sugar_cane":42,"minecraft:oak_planks":26,"minecraft:birch_sapling":1,"minecraft:polished_diorite_stairs":7,"minecraft:seagrass":1,"minecraft:blue_terracotta":1,"minecraft:dark_oak_slab":3,"minecraft:dark_oak_door":4,"minecraft:birch_log":58,"minecraft:stone_brick_stairs":9,"minecraft:oak_log":84,"minecraft:dark_oak_sapling":4,"minecraft:sand":62,"minecraft:dirt":243,"minecraft:oak_leaves":47,"minecraft:deepslate":116,"minecraft:tuff":34,"minecraft:mossy_cobblestone":128,"minecraft:dark_oak_leaves":13,"minecraft:deepslate_diamond_ore":12,"minecraft:dark_oak_log":131,"minecraft:glow_lichen":2,"minecraft:dark_oak_pressure_plate":1,"minecraft:spruce_fence":6,"minecraft:jungle_planks":3,"minecraft:spruce_leaves":69,"minecraft:sandstone":6,"minecraft:large_fern":18,"minecraft:spruce_sapling":4,"minecraft:andesite":21,"minecraft:stripped_spruce_log":5,"minecraft:peony":10,"minecraft:deepslate_iron_ore":50,"minecraft:vine":32,"minecraft:lantern":2,"minecraft:bamboo":4,"minecraft:stone":588,"minecraft:acacia_leaves":7,"minecraft:glass_pane":1,"minecraft:dandelion":8,"minecraft:crafting_table":4,"minecraft:short_grass":275,"minecraft:rose_bush":11,"minecraft:campfire":1,"minecraft:tall_grass":26,"minecraft:copper_ore":6,"minecraft:lapis_ore":4,"minecraft:deepslate_gold_ore":34,"minecraft:diorite":87,"minecraft:spruce_stairs":18,"minecraft:purple_bed":3,"minecraft:cactus":5,"minecraft:sweet_berry_bush":59,"minecraft:spruce_log":129,"minecraft:birch_leaves":50,"minecraft:jungle_fence":1,"minecraft:bee_nest":1,"minecraft:coal_ore":200,"minecraft:cocoa":10,"minecraft:stone_bricks":5,"minecraft:gold_ore":11,"minecraft:fern":17}},"DataVersion":3955}