{"stats":{"minecraft:used":{"minecraft:chest":2,"minecraft:shield":8,"minecraft:iron_sword":281,"minecraft:torch":113,"minecraft:dirt":771,"minecraft:tuff":1,"minecraft:jungle_sapling":2,"minecraft:birch_sapling":3,"minecraft:bamboo":22,"minecraft:furnace":1,"minecraft:egg":1,"minecraft:cooked_beef":1,"minecraft:cobbled_deepslate":1,"minecraft:cooked_mutton":13,"minecraft:water_bucket":45,"minecraft:stone_pickaxe":129,"minecraft:diamond_axe":154,"minecraft:sugar_cane":6,"minecraft:crafting_table":1,"minecraft:white_bed":2,"minecraft:oak_log":2,"minecraft:diamond_pickaxe":292,"minecraft:diamond_shovel":1008,"minecraft:bread":9,"minecraft:iron_pickaxe":347,"minecraft:stone_axe":3,"minecraft:cobblestone":13,"minecraft:cooked_porkchop":8,"minecraft:andesite":5,"minecraft:bucket":46,"minecraft:bone_meal":3},"minecraft:broken":{"minecraft:stone_pickaxe":2,"minecraft:iron_pickaxe":1},"minecraft:picked_up":{"minecraft:cocoa_beans":24,"minecraft:iron_chestplate":3,"minecraft:crafting_table":1,"minecraft:azure_bluet":1,"minecraft:shield":3,"minecraft:string":4,"minecraft:raw_copper":12,"minecraft:iron_leggings":3,"minecraft:diamond_leggings":1,"minecraft:red_sand":22,"minecraft:cobbled_deepslate":139,"minecraft:beef":20,"minecraft:jungle_sapling":2,"minecraft:light_gray_wool":1,"minecraft:iron_pickaxe":5,"minecraft:melon_slice":13,"minecraft:sugar_cane":6,"minecraft:chest":2,"minecraft:birch_sapling":3,"minecraft:iron_boots":1,"minecraft:egg":1,"minecraft:stick":20,"minecraft:raw_iron":90,"minecraft:torch":37,"minecraft:acacia_log":4,"minecraft:porkchop":14,"minecraft:pointed_dripstone":1,"minecraft:diorite":32,"minecraft:redstone":213,"minecraft:rotten_flesh":6,"minecraft:arrow":6,"minecraft:diamond_chestplate":1,"minecraft:diamond_boots":1,"minecraft:armadillo_scute":1,"minecraft:mutton":21,"minecraft:obsidian":17,"minecraft:white_wool":13,"minecraft:cobblestone":159,"minecraft:oxeye_daisy":4,"minecraft:birch_log":39,"minecraft:andesite":20,"minecraft:jungle_log":26,"minecraft:salmon":3,"minecraft:leather":3,"minecraft:tuff":29,"minecraft:oak_log":31,"minecraft:gunpowder":3,"minecraft:lapis_lazuli":25,"minecraft:dirt":850,"minecraft:cooked_mutton":14,"minecraft:bone":6,"minecraft:bow":1,"minecraft:wheat_seeds":35,"minecraft:raw_gold":47,"minecraft:stone_pickaxe":2,"minecraft:diamond_helmet":1,"minecraft:bamboo":22,"minecraft:iron_sword":3,"minecraft:acacia_sapling":5,"minecraft:dandelion":18,"minecraft:gravel":3,"minecraft:sand":29,"minecraft:white_bed":2,"minecraft:spider_eye":1,"minecraft:slime_ball":1,"minecraft:diamond":15,"minecraft:stone_axe":1,"minecraft:iron_helmet":1,"minecraft:granite":1,"minecraft:gray_wool":2,"minecraft:oak_sapling":3,"minecraft:coal":123,"minecraft:diamond_pickaxe":1},"minecraft:killed":{"minecraft:spider":5,"minecraft:skeleton":3,"minecraft:pig":6,"minecraft:zombie_villager":1,"minecraft:salmon":4,"minecraft:sheep":16,"minecraft:zombie":7,"minecraft:cow":9},"minecraft:killed_by":{"minecraft:skeleton":1,"minecraft:zombie":1},"minecraft:custom":{"minecraft:mob_kills":53,"minecraft:interact_with_crafting_table":15,"minecraft:bell_ring":1,"minecraft:time_since_death":183702,"minecraft:climb_one_cm":1437,"minecraft:sprint_one_cm":804155,"minecraft:walk_one_cm":1242882,"minecraft:damage_blocked_by_shield":395,"minecraft:drop":9,"minecraft:play_time":240221,"minecraft:sneak_time":854,"minecraft:deaths":5,"minecraft:walk_under_water_one_cm":35786,"minecraft:jump":2254,"minecraft:interact_with_blast_furnace":2,"minecraft:walk_on_water_one_cm":75134,"minecraft:total_world_time":240221,"minecraft:interact_with_furnace":33,"minecraft:interact_with_stonecutter":2,"minecraft:sleep_in_bed":9,"minecraft:time_since_rest":13402,"minecraft:damage_taken":2692,"minecraft:damage_dealt":6965,"minecraft:swim_one_cm":4560,"minecraft:fly_one_cm":81030,"minecraft:open_chest":54,"minecraft:crouch_one_cm":4054,"minecraft:fall_one_cm":32038,"minecraft:horse_one_cm":1521},"minecraft:dropped":{"minecraft:coal":5,"minecraft:oxeye_daisy":4,"minecraft:string":1,"minecraft:white_wool":1,"minecraft:dandelion":10,"minecraft:azure_bluet":1},"minecraft:crafted":{"minecraft:oak_planks":20,"minecraft:furnace":1,"minecraft:bone_meal":6,"minecraft:diamond_shovel":1,"minecraft:cooked_mutton":8,"minecraft:chest":2,"minecraft:lead":2,"minecraft:cooked_beef":1,"minecraft:cooked_porkchop":14,"minecraft:diamond_axe":1,"minecraft:crafting_table":1,"minecraft:bucket":1,"minecraft:stick":36,"minecraft:iron_pickaxe":1,"minecraft:gold_ingot":36,"minecraft:acacia_planks":16,"minecraft:torch":140},"minecraft:mined":{"minecraft:tuff":34,"minecraft:white_bed":2,"minecraft:deepslate_diamond_ore":12,"minecraft:jungle_leaves":10,"minecraft:obsidian":17,"minecraft:glow_lichen":2,"minecraft:granite":1,"minecraft:red_sand":22,"minecraft:acacia_log":4,"minecraft:grass_block":668,"minecraft:jungle_log":26,"minecraft:oxeye_daisy":1,"minecraft:cobbled_deepslate":1,"minecraft:iron_ore":39,"minecraft:andesite":17,"minecraft:azure_bluet":1,"minecraft:dirt_path":4,"minecraft:deepslate_iron_ore":50,"minecraft:vine":15,"minecraft:bamboo":4,"minecraft:stone":141,"minecraft:deepslate_redstone_ore":48,"minecraft:acacia_leaves":7,"minecraft:dandelion":5,"minecraft:crafting_table":1,"minecraft:short_grass":198,"minecraft:melon":2,"minecraft:chest":2,"minecraft:dead_bush":3,"minecraft:copper_ore":4,"minecraft:cobblestone":1,"minecraft:tall_grass":19,"minecraft:deepslate_gold_ore":34,"minecraft:lapis_ore":4,"minecraft:sugar_cane":5,"minecraft:diorite":25,"minecraft:seagrass":1,"minecraft:birch_log":39,"minecraft:birch_leaves":7,"minecraft:oak_log":31,"minecraft:coal_ore":116,"minecraft:cocoa":8,"minecraft:sand":35,"minecraft:dirt":198,"minecraft:gold_ore":11,"minecraft:oak_leaves":26,"minecraft:deepslate":116,"minecraft:fern":4}},"DataVersion":3955}