{"stats":{"minecraft:crafted":{"minecraft:oak_planks":68,"minecraft:smooth_stone":1,"minecraft:blaze_powder":10,"minecraft:stone":4,"minecraft:diamond_shovel":2,"minecraft:bookshelf":18,"minecraft:cooked_mutton":54,"minecraft:diamond_helmet":2,"minecraft:bow":8,"minecraft:diamond_leggings":2,"minecraft:iron_boots":1,"minecraft:chest":8,"minecraft:birch_door":3,"minecraft:ender_eye":10,"minecraft:deepslate":64,"minecraft:emerald":69,"minecraft:arrow":32,"minecraft:cooked_porkchop":33,"minecraft:diamond_axe":1,"minecraft:crafting_table":10,"minecraft:wooden_pickaxe":2,"minecraft:iron_helmet":3,"minecraft:golden_pickaxe":1,"minecraft:fletching_table":1,"minecraft:birch_planks":76,"minecraft:lectern":2,"minecraft:dark_oak_slab":6,"minecraft:iron_chestplate":1,"minecraft:book":53,"minecraft:paper":165,"minecraft:diamond_pickaxe":3,"minecraft:shield":2,"minecraft:stick":2324,"minecraft:iron_ingot":114,"minecraft:iron_pickaxe":3,"minecraft:iron_block":8,"minecraft:gold_ingot":59,"minecraft:dark_oak_fence_gate":1,"minecraft:smooth_stone_slab":2,"minecraft:furnace":4,"minecraft:bone_meal":12,"minecraft:flint_and_steel":1,"minecraft:dark_oak_fence":21,"minecraft:stone_pickaxe":2,"minecraft:diamond_boots":2,"minecraft:dark_oak_planks":148,"minecraft:golden_helmet":1,"minecraft:wheat":144,"minecraft:cooked_beef":51,"minecraft:crimson_planks":4,"minecraft:diamond_sword":1,"minecraft:enchanting_table":1,"minecraft:iron_sword":2,"minecraft:bucket":1,"minecraft:stone_axe":1,"minecraft:glowstone":15,"minecraft:enchanted_book":1,"minecraft:jungle_slab":6,"minecraft:acacia_boat":2,"minecraft:air":0,"minecraft:jungle_planks":1112,"minecraft:oak_boat":1,"minecraft:iron_leggings":1,"minecraft:armor_stand":2,"minecraft:stonecutter":1,"minecraft:anvil":1,"minecraft:white_bed":10,"minecraft:acacia_planks":136,"minecraft:torch":216,"minecraft:diamond_chestplate":2},"minecraft:used":{"minecraft:chest":15,"minecraft:shield":20,"minecraft:iron_sword":113,"minecraft:tuff":16,"minecraft:obsidian":40,"minecraft:jungle_sapling":11,"minecraft:lava_bucket":10,"minecraft:bow":4,"minecraft:oak_sapling":7,"minecraft:furnace":11,"minecraft:stone_pickaxe":118,"minecraft:ender_pearl":1,"minecraft:wooden_pickaxe":15,"minecraft:sugar_cane":26,"minecraft:diamond_axe":617,"minecraft:blast_furnace":5,"minecraft:lectern":26,"minecraft:gravel":25,"minecraft:iron_door":2,"minecraft:diamond_sword":778,"minecraft:grindstone":1,"minecraft:dark_oak_fence":18,"minecraft:andesite":8,"minecraft:oak_boat":2,"minecraft:bone_meal":4,"minecraft:golden_pickaxe":24,"minecraft:iron_bars":1,"minecraft:enchanting_table":2,"minecraft:flint_and_steel":2,"minecraft:armor_stand":2,"minecraft:netherrack":773,"minecraft:torch":223,"minecraft:dirt":2122,"minecraft:anvil":1,"minecraft:birch_door":4,"minecraft:bookshelf":16,"minecraft:jungle_log":23,"minecraft:soul_soil":1,"minecraft:cooked_beef":73,"minecraft:cobbled_deepslate":75,"minecraft:acacia_planks":4,"minecraft:golden_axe":25,"minecraft:cooked_mutton":45,"minecraft:acacia_boat":5,"minecraft:water_bucket":60,"minecraft:birch_planks":4,"minecraft:fletching_table":2,"minecraft:stonecutter":1,"minecraft:crafting_table":22,"minecraft:white_bed":18,"minecraft:dark_oak_fence_gate":1,"minecraft:spruce_log":3,"minecraft:ender_eye":19,"minecraft:diamond_pickaxe":3890,"minecraft:diamond_shovel":2206,"minecraft:chicken":4,"minecraft:iron_pickaxe":100,"minecraft:suspicious_stew":1,"minecraft:map":1,"minecraft:stone_axe":80,"minecraft:cobblestone":183,"minecraft:bucket":71,"minecraft:cooked_porkchop":18,"minecraft:yellow_bed":5},"minecraft:custom":{"minecraft:animals_bred":3,"minecraft:interact_with_crafting_table":81,"minecraft:bell_ring":1,"minecraft:leave_game":5,"minecraft:time_since_death":13683,"minecraft:sprint_one_cm":2210979,"minecraft:damage_blocked_by_shield":400,"minecraft:drop":124,"minecraft:talked_to_villager":53,"minecraft:play_time":533301,"minecraft:deaths":2,"minecraft:jump":8558,"minecraft:walk_on_water_one_cm":105997,"minecraft:enchant_item":5,"minecraft:interact_with_furnace":145,"minecraft:traded_with_villager":79,"minecraft:sleep_in_bed":20,"minecraft:damage_dealt":46613,"minecraft:crouch_one_cm":138228,"minecraft:horse_one_cm":2,"minecraft:interact_with_anvil":2,"minecraft:mob_kills":338,"minecraft:climb_one_cm":6756,"minecraft:walk_one_cm":1714911,"minecraft:sneak_time":34066,"minecraft:walk_under_water_one_cm":99746,"minecraft:boat_one_cm":606959,"minecraft:total_world_time":533301,"minecraft:interact_with_grindstone":2,"minecraft:interact_with_stonecutter":3,"minecraft:time_since_rest":12253,"minecraft:damage_taken":8642,"minecraft:swim_one_cm":140914,"minecraft:fly_one_cm":1633934,"minecraft:open_chest":387,"minecraft:fall_one_cm":164170},"minecraft:dropped":{"minecraft:iron_sword":2,"minecraft:birch_planks":6,"minecraft:cooked_beef":1,"minecraft:leather":11,"minecraft:leather_helmet":1,"minecraft:dirt":1,"minecraft:sand":2,"minecraft:iron_pickaxe":4,"minecraft:gold_ingot":42,"minecraft:gravel":1,"minecraft:stone_axe":2,"minecraft:cobbled_deepslate":8,"minecraft:rotten_flesh":6,"minecraft:cooked_mutton":9,"minecraft:poppy":2,"minecraft:gunpowder":4,"minecraft:iron_bars":5,"minecraft:quartz":22,"minecraft:netherrack":16,"minecraft:wheat_seeds":10,"minecraft:diamond_leggings":1,"minecraft:iron_helmet":4,"minecraft:cobblestone":56,"minecraft:lead":1,"minecraft:granite":6,"minecraft:acacia_log":2,"minecraft:stick":3,"minecraft:gray_wool":2,"minecraft:diorite":3,"minecraft:brown_wool":1,"minecraft:iron_door":1,"minecraft:diamond_helmet":1,"minecraft:iron_leggings":2,"minecraft:string":5,"minecraft:acacia_planks":3,"minecraft:dandelion":1,"minecraft:bowl":1,"minecraft:iron_boots":1,"minecraft:filled_map":1,"minecraft:shield":2,"minecraft:diamond_chestplate":1,"minecraft:andesite":13,"minecraft:iron_chestplate":2,"minecraft:diamond_pickaxe":1,"minecraft:mossy_stone_bricks":3,"minecraft:spider_eye":2,"minecraft:stone_bricks":11,"minecraft:diamond_boots":1,"minecraft:bow":1,"minecraft:stone_pickaxe":2,"minecraft:wooden_pickaxe":2,"minecraft:magma_block":1,"minecraft:black_wool":2},"minecraft:killed":{"minecraft:spider":15,"minecraft:skeleton":31,"minecraft:chicken":5,"minecraft:silverfish":3,"minecraft:magma_cube":15,"minecraft:piglin":9,"minecraft:pig":16,"minecraft:creeper":4,"minecraft:sheep":42,"minecraft:zombie":63,"minecraft:donkey":1,"minecraft:ghast":1,"minecraft:cow":42,"minecraft:blaze":20,"minecraft:slime":35,"minecraft:horse":5,"minecraft:hoglin":1,"minecraft:wither_skeleton":1,"minecraft:enderman":11},"minecraft:picked_up":{"minecraft:birch_door":1,"minecraft:iron_chestplate":1,"minecraft:wheat":12,"minecraft:diamond_sword":2,"minecraft:oak_stairs":1,"minecraft:potion":1,"minecraft:nether_brick":2,"minecraft:brewing_stand":1,"minecraft:golden_sword":1,"minecraft:string":27,"minecraft:soul_soil":1,"minecraft:iron_leggings":1,"minecraft:shroomlight":3,"minecraft:diamond_leggings":2,"minecraft:gold_nugget":565,"minecraft:cobbled_deepslate":181,"minecraft:ender_eye":16,"minecraft:iron_pickaxe":2,"minecraft:furnace":10,"minecraft:iron_boots":1,"minecraft:stick":16,"minecraft:torch":24,"minecraft:acacia_log":37,"minecraft:porkchop":33,"minecraft:golden_axe":1,"minecraft:diorite":7,"minecraft:golden_chestplate":1,"minecraft:rotten_flesh":51,"minecraft:blaze_rod":17,"minecraft:obsidian":44,"minecraft:iron_bars":15,"minecraft:blaze_powder":6,"minecraft:cobblestone":269,"minecraft:enchanting_table":1,"minecraft:birch_log":40,"minecraft:magma_block":2,"minecraft:feather":3,"minecraft:cooked_beef":14,"minecraft:magma_cream":2,"minecraft:andesite":50,"minecraft:iron_door":9,"minecraft:water_bucket":1,"minecraft:jungle_log":275,"minecraft:brown_wool":1,"minecraft:potato":4,"minecraft:flint":7,"minecraft:tuff":29,"minecraft:acacia_boat":6,"minecraft:dirt":2157,"minecraft:bone":26,"minecraft:acacia_planks":38,"minecraft:stonecutter":1,"minecraft:bow":4,"minecraft:wheat_seeds":141,"minecraft:raw_gold":13,"minecraft:grindstone":1,"minecraft:mossy_stone_bricks":3,"minecraft:fletching_table":1,"minecraft:glowstone_dust":61,"minecraft:cooked_porkchop":34,"minecraft:poisonous_potato":2,"minecraft:sand":4,"minecraft:grass_block":1,"minecraft:spectral_arrow":72,"minecraft:dark_oak_log":128,"minecraft:mossy_cobblestone":1,"minecraft:diamond":109,"minecraft:granite":7,"minecraft:golden_apple":1,"minecraft:netherrack":2272,"minecraft:dark_oak_fence":1,"minecraft:crimson_roots":1,"minecraft:diamond_pickaxe":2,"minecraft:crafting_table":13,"minecraft:azure_bluet":1,"minecraft:chicken":5,"minecraft:wooden_pickaxe":1,"minecraft:shield":3,"minecraft:cornflower":2,"minecraft:blackstone":35,"minecraft:cracked_stone_bricks":20,"minecraft:beef":109,"minecraft:oak_boat":1,"minecraft:jungle_sapling":11,"minecraft:iron_nugget":92,"minecraft:poppy":3,"minecraft:lectern":24,"minecraft:sugar_cane":213,"minecraft:chest":5,"minecraft:birch_sapling":1,"minecraft:egg":14,"minecraft:dark_oak_sapling":4,"minecraft:raw_iron":85,"minecraft:fire_charge":2,"minecraft:carrot":4,"minecraft:redstone":5,"minecraft:arrow":146,"minecraft:diamond_chestplate":2,"minecraft:nether_bricks":2,"minecraft:diamond_boots":2,"minecraft:hay_block":16,"minecraft:gold_ingot":13,"minecraft:mutton":85,"minecraft:white_wool":36,"minecraft:oxeye_daisy":1,"minecraft:basalt":61,"minecraft:glow_ink_sac":1,"minecraft:crimson_stem":5,"minecraft:leather":64,"minecraft:birch_planks":34,"minecraft:crimson_fungus":3,"minecraft:lily_pad":8,"minecraft:oak_log":26,"minecraft:yellow_bed":5,"minecraft:nether_wart_block":1,"minecraft:gunpowder":9,"minecraft:apple":1,"minecraft:stone_bricks":11,"minecraft:iron_ingot":6,"minecraft:soul_sand":6,"minecraft:iron_sword":1,"minecraft:book":33,"minecraft:quartz":301,"minecraft:dandelion":12,"minecraft:gravel":71,"minecraft:lava_bucket":1,"minecraft:spruce_sapling":2,"minecraft:blast_furnace":5,"minecraft:white_bed":8,"minecraft:spruce_log":17,"minecraft:crying_obsidian":9,"minecraft:spider_eye":5,"minecraft:slime_ball":22,"minecraft:stone_axe":1,"minecraft:iron_helmet":3,"minecraft:diamond_axe":2,"minecraft:gray_wool":2,"minecraft:black_wool":3,"minecraft:coal":212,"minecraft:ender_pearl":11},"minecraft:mined":{"minecraft:white_bed":9,"minecraft:jungle_leaves":20,"minecraft:brewing_stand":1,"minecraft:obsidian":37,"minecraft:granite":7,"minecraft:acacia_log":36,"minecraft:grass_block":1927,"minecraft:jungle_log":275,"minecraft:soul_soil":1,"minecraft:crimson_fungus":3,"minecraft:spawner":1,"minecraft:magma_block":4,"minecraft:glowstone":16,"minecraft:iron_ore":45,"minecraft:cobbled_deepslate":14,"minecraft:fire":25,"minecraft:fletching_table":1,"minecraft:azure_bluet":1,"minecraft:enchanting_table":1,"minecraft:pointed_dripstone":1,"minecraft:dirt_path":1,"minecraft:oak_stairs":1,"minecraft:iron_bars":5,"minecraft:blackstone":15,"minecraft:crimson_nylium":4,"minecraft:soul_fire":1,"minecraft:torch":4,"minecraft:blast_furnace":5,"minecraft:chest":5,"minecraft:nether_quartz_ore":127,"minecraft:cobblestone":13,"minecraft:grindstone":1,"minecraft:sugar_cane":107,"minecraft:iron_door":8,"minecraft:wall_torch":8,"minecraft:seagrass":1,"minecraft:nether_wart_block":1,"minecraft:birch_log":23,"minecraft:wheat":2,"minecraft:smooth_stone_slab":1,"minecraft:oak_log":26,"minecraft:sand":2,"minecraft:dirt":196,"minecraft:infested_cracked_stone_bricks":1,"minecraft:stonecutter":1,"minecraft:netherrack":2942,"minecraft:oak_leaves":9,"minecraft:deepslate":181,"minecraft:nether_gold_ore":62,"minecraft:diamond_ore":1,"minecraft:tuff":26,"minecraft:mossy_cobblestone":1,"minecraft:dark_oak_leaves":5,"minecraft:deepslate_diamond_ore":111,"minecraft:dark_oak_log":129,"minecraft:nether_bricks":2,"minecraft:dark_oak_fence":1,"minecraft:spruce_leaves":9,"minecraft:crimson_stem":6,"minecraft:hay_block":16,"minecraft:furnace":10,"minecraft:carrots":2,"minecraft:andesite":47,"minecraft:bookshelf":11,"minecraft:deepslate_iron_ore":7,"minecraft:shroomlight":4,"minecraft:vine":26,"minecraft:stone":193,"minecraft:acacia_leaves":3,"minecraft:soul_sand":5,"minecraft:infested_stone_bricks":3,"minecraft:basalt":61,"minecraft:dandelion":5,"minecraft:crafting_table":13,"minecraft:short_grass":530,"minecraft:lectern":24,"minecraft:tall_grass":36,"minecraft:deepslate_coal_ore":3,"minecraft:deepslate_gold_ore":6,"minecraft:lily_pad":1,"minecraft:diorite":13,"minecraft:birch_planks":2,"minecraft:spruce_log":18,"minecraft:birch_leaves":4,"minecraft:yellow_bed":5,"minecraft:coal_ore":71,"minecraft:gravel":28,"minecraft:cobweb":3,"minecraft:cracked_stone_bricks":11,"minecraft:stone_bricks":25,"minecraft:mossy_stone_bricks":13,"minecraft:gold_ore":5,"minecraft:fern":1}},"DataVersion":3955}