{"stats":{"minecraft:mined":{"minecraft:spruce_planks":54,"minecraft:white_bed":8,"minecraft:cobblestone_stairs":1,"minecraft:jungle_leaves":6,"minecraft:brewing_stand":2,"minecraft:obsidian":52,"minecraft:spruce_trapdoor":6,"minecraft:granite":58,"minecraft:budding_amethyst":3,"minecraft:grass_block":1338,"minecraft:jungle_log":6,"minecraft:deepslate_bricks":2,"minecraft:composter":1,"minecraft:oxeye_daisy":2,"minecraft:iron_ore":88,"minecraft:barrel":20,"minecraft:cobbled_deepslate":2,"minecraft:fire":38,"minecraft:deepslate_lapis_ore":10,"minecraft:fletching_table":9,"minecraft:azure_bluet":53,"minecraft:enchanting_table":1,"minecraft:red_tulip":15,"minecraft:dirt_path":4,"minecraft:deepslate_brick_stairs":17,"minecraft:pink_tulip":2,"minecraft:spruce_slab":3,"minecraft:deepslate_redstone_ore":1,"minecraft:brown_mushroom":24,"minecraft:red_bed":3,"minecraft:medium_amethyst_bud":1,"minecraft:amethyst_cluster":1,"minecraft:torch":14,"minecraft:blast_furnace":7,"minecraft:calcite":6,"minecraft:poppy":1,"minecraft:chest":10,"minecraft:glass":2,"minecraft:cobblestone":95,"minecraft:nether_quartz_ore":8,"minecraft:oak_planks":82,"minecraft:grindstone":1,"minecraft:sugar_cane":186,"minecraft:wall_torch":9,"minecraft:amethyst_block":6,"minecraft:pink_petals":2,"minecraft:stone_stairs":2,"minecraft:birch_log":33,"minecraft:wheat":112,"minecraft:lilac":5,"minecraft:brown_wall_banner":2,"minecraft:orange_tulip":3,"minecraft:oak_log":264,"minecraft:acacia_fence":3,"minecraft:sand":166,"minecraft:dirt":648,"minecraft:smooth_basalt":7,"minecraft:stonecutter":4,"minecraft:netherrack":899,"minecraft:oak_leaves":108,"minecraft:deepslate":998,"minecraft:nether_gold_ore":10,"minecraft:tuff":110,"minecraft:dark_oak_leaves":20,"minecraft:deepslate_diamond_ore":71,"minecraft:cherry_sapling":4,"minecraft:dark_oak_log":225,"minecraft:lever":1,"minecraft:allium":11,"minecraft:spruce_leaves":50,"minecraft:kelp":1,"minecraft:sandstone":9,"minecraft:hay_block":6,"minecraft:deepslate_brick_slab":1,"minecraft:spruce_sapling":5,"minecraft:furnace":9,"minecraft:andesite":92,"minecraft:acacia_stairs":2,"minecraft:stripped_spruce_log":5,"minecraft:peony":18,"minecraft:potatoes":90,"minecraft:cobblestone_slab":2,"minecraft:deepslate_iron_ore":91,"minecraft:vine":1,"minecraft:rail":5,"minecraft:lantern":1,"minecraft:stripped_oak_log":79,"minecraft:bamboo":1,"minecraft:stone":838,"minecraft:white_tulip":6,"minecraft:lily_of_the_valley":19,"minecraft:spruce_door":1,"minecraft:crafting_table":13,"minecraft:short_grass":114,"minecraft:rose_bush":17,"minecraft:lectern":47,"minecraft:stone_slab":4,"minecraft:copper_ore":11,"minecraft:tall_grass":10,"minecraft:lapis_ore":7,"minecraft:deepslate_gold_ore":8,"minecraft:diorite":37,"minecraft:spruce_stairs":1,"minecraft:spruce_log":680,"minecraft:birch_leaves":7,"minecraft:coal_ore":277,"minecraft:gravel":98,"minecraft:acacia_planks":1,"minecraft:stone_bricks":192,"minecraft:birch_fence":5},"minecraft:broken":{"minecraft:stone_pickaxe":1,"minecraft:iron_axe":1,"minecraft:iron_pickaxe":1},"minecraft:custom":{"minecraft:animals_bred":47,"minecraft:interact_with_crafting_table":129,"minecraft:open_barrel":5,"minecraft:leave_game":8,"minecraft:time_since_death":126037,"minecraft:sprint_one_cm":3338223,"minecraft:drop":166,"minecraft:talked_to_villager":182,"minecraft:play_time":890749,"minecraft:deaths":9,"minecraft:jump":10119,"minecraft:interact_with_brewingstand":2,"minecraft:walk_on_water_one_cm":78427,"minecraft:enchant_item":4,"minecraft:interact_with_furnace":175,"minecraft:traded_with_villager":254,"minecraft:sleep_in_bed":51,"minecraft:damage_dealt":36878,"minecraft:crouch_one_cm":80277,"minecraft:interact_with_smoker":9,"minecraft:inspect_dispenser":5,"minecraft:interact_with_anvil":1,"minecraft:mob_kills":251,"minecraft:fill_cauldron":1,"minecraft:climb_one_cm":1232,"minecraft:walk_one_cm":2453164,"minecraft:sneak_time":22330,"minecraft:walk_under_water_one_cm":38896,"minecraft:boat_one_cm":728128,"minecraft:interact_with_blast_furnace":1,"minecraft:total_world_time":890749,"minecraft:pot_flower":1,"minecraft:interact_with_grindstone":1,"minecraft:interact_with_stonecutter":7,"minecraft:time_since_rest":1978,"minecraft:damage_taken":8273,"minecraft:swim_one_cm":79246,"minecraft:fly_one_cm":1866400,"minecraft:open_chest":968,"minecraft:fall_one_cm":174415},"minecraft:used":{"minecraft:peony":22,"minecraft:cherry_sapling":3,"minecraft:iron_shovel":30,"minecraft:dispenser":1,"minecraft:spruce_slab":42,"minecraft:ladder":3,"minecraft:poppy":1,"minecraft:chest":18,"minecraft:stone":89,"minecraft:iron_sword":411,"minecraft:lily_of_the_valley":8,"minecraft:carrot":4,"minecraft:allium":23,"minecraft:deepslate_brick_slab":14,"minecraft:tuff":6,"minecraft:azure_bluet":75,"minecraft:obsidian":51,"minecraft:spruce_boat":21,"minecraft:glass":10,"minecraft:birch_sapling":4,"minecraft:lantern":15,"minecraft:stone_bricks":14,"minecraft:item_frame":6,"minecraft:oak_sapling":1,"minecraft:furnace":15,"minecraft:cooked_cod":2,"minecraft:potato":169,"minecraft:spruce_door":4,"minecraft:oak_planks":33,"minecraft:stone_pickaxe":254,"minecraft:powered_rail":3,"minecraft:orange_tulip":3,"minecraft:wooden_pickaxe":22,"minecraft:composter":2,"minecraft:sugar_cane":57,"minecraft:diamond_axe":1503,"minecraft:jungle_boat":9,"minecraft:blast_furnace":8,"minecraft:stone_brick_wall":12,"minecraft:deepslate_brick_stairs":82,"minecraft:birch_fence":6,"minecraft:lever":2,"minecraft:dark_oak_log":1,"minecraft:bread":13,"minecraft:lectern":48,"minecraft:gravel":121,"minecraft:lilac":6,"minecraft:diamond_sword":214,"minecraft:grindstone":1,"minecraft:smithing_table":1,"minecraft:andesite":37,"minecraft:oak_boat":1,"minecraft:bone_meal":93,"minecraft:oak_fence":4,"minecraft:enchanting_table":2,"minecraft:stone_sword":117,"minecraft:white_tulip":5,"minecraft:flint_and_steel":6,"minecraft:stone_shovel":4,"minecraft:spruce_planks":199,"minecraft:cooked_salmon":3,"minecraft:netherrack":197,"minecraft:orange_bed":1,"minecraft:torch":490,"minecraft:brewing_stand":2,"minecraft:dirt":1738,"minecraft:anvil":1,"minecraft:spruce_stairs":31,"minecraft:spruce_fence":12,"minecraft:oak_fence_gate":21,"minecraft:iron_hoe":83,"minecraft:bookshelf":16,"minecraft:red_tulip":15,"minecraft:iron_axe":367,"minecraft:barrel":22,"minecraft:cooked_beef":68,"minecraft:cobbled_deepslate":27,"minecraft:wheat_seeds":109,"minecraft:cooked_mutton":30,"minecraft:water_bucket":59,"minecraft:pink_tulip":5,"minecraft:cobblestone_stairs":9,"minecraft:cauldron":1,"minecraft:fletching_table":10,"minecraft:stonecutter":4,"minecraft:cobblestone_slab":18,"minecraft:deepslate_bricks":74,"minecraft:rail":8,"minecraft:crafting_table":20,"minecraft:red_bed":6,"minecraft:white_bed":17,"minecraft:spruce_log":151,"minecraft:dark_oak_door":1,"minecraft:oak_log":49,"minecraft:flower_pot":1,"minecraft:diamond_pickaxe":3608,"minecraft:diamond_shovel":2181,"minecraft:chicken":3,"minecraft:oak_button":1,"minecraft:iron_pickaxe":247,"minecraft:stone_slab":22,"minecraft:spruce_trapdoor":53,"minecraft:spruce_sapling":50,"minecraft:stone_axe":49,"minecraft:pink_petals":1,"minecraft:cobblestone":424,"minecraft:cooked_porkchop":19,"minecraft:bucket":61,"minecraft:glass_pane":8,"minecraft:kelp":1},"minecraft:dropped":{"minecraft:lapis_lazuli":1,"minecraft:cooked_beef":3,"minecraft:diamond":1,"minecraft:brown_banner":1,"minecraft:flint":4,"minecraft:dirt":30,"minecraft:birch_fence":6,"minecraft:iron_pickaxe":2,"minecraft:white_wool":2,"minecraft:gravel":4,"minecraft:stone_axe":1,"minecraft:compass":1,"minecraft:cobbled_deepslate":3,"minecraft:cherry_sapling":1,"minecraft:rotten_flesh":33,"minecraft:grindstone":1,"minecraft:cooked_mutton":11,"minecraft:azure_bluet":1,"minecraft:acacia_stairs":1,"minecraft:gunpowder":2,"minecraft:jungle_log":2,"minecraft:chainmail_boots":12,"minecraft:chest":1,"minecraft:arrow":14,"minecraft:acacia_fence":3,"minecraft:netherrack":514,"minecraft:bread":21,"minecraft:wheat_seeds":135,"minecraft:golden_horse_armor":1,"minecraft:poisonous_potato":3,"minecraft:iron_helmet":1,"minecraft:cobblestone":5,"minecraft:chainmail_helmet":12,"minecraft:oxeye_daisy":1,"minecraft:diorite":1,"minecraft:wooden_axe":1,"minecraft:fire_charge":1,"minecraft:iron_leggings":1,"minecraft:white_banner":1,"minecraft:chainmail_leggings":7,"minecraft:acacia_planks":1,"minecraft:smooth_basalt":3,"minecraft:kelp":1,"minecraft:stone_sword":1,"minecraft:stone_shovel":11,"minecraft:tall_grass":1,"minecraft:iron_boots":11,"minecraft:filled_map":2,"minecraft:shield":1,"minecraft:diamond_pickaxe":1,"minecraft:iron_chestplate":1,"minecraft:golden_leggings":1,"minecraft:oak_sapling":1,"minecraft:bow":7,"minecraft:stone_pickaxe":1,"minecraft:wooden_pickaxe":2},"minecraft:picked_up":{"minecraft:wooden_axe":1,"minecraft:iron_chestplate":1,"minecraft:wheat":117,"minecraft:stone_slab":4,"minecraft:lead":1,"minecraft:diamond_sword":1,"minecraft:brewing_stand":2,"minecraft:amethyst_block":6,"minecraft:string":10,"minecraft:raw_copper":39,"minecraft:iron_leggings":1,"minecraft:gold_nugget":38,"minecraft:cobbled_deepslate":796,"minecraft:spruce_planks":52,"minecraft:white_tulip":5,"minecraft:rose_bush":15,"minecraft:cobblestone_slab":2,"minecraft:calcite":6,"minecraft:iron_pickaxe":1,"minecraft:furnace":9,"minecraft:iron_boots":1,"minecraft:stick":78,"minecraft:acacia_fence":3,"minecraft:composter":1,"minecraft:torch":110,"minecraft:spruce_stairs":1,"minecraft:porkchop":48,"minecraft:diorite":31,"minecraft:rotten_flesh":56,"minecraft:armadillo_scute":2,"minecraft:red_tulip":18,"minecraft:deepslate_brick_stairs":25,"minecraft:obsidian":52,"minecraft:cobblestone":706,"minecraft:birch_log":33,"minecraft:enchanting_table":1,"minecraft:pink_petals":1,"minecraft:water_bucket":1,"minecraft:cooked_beef":48,"minecraft:feather":5,"minecraft:lilac":11,"minecraft:andesite":92,"minecraft:jungle_log":6,"minecraft:brown_wool":1,"minecraft:golden_leggings":2,"minecraft:potato":346,"minecraft:flint":14,"minecraft:tuff":106,"minecraft:lapis_lazuli":115,"minecraft:dirt":2052,"minecraft:lantern":2,"minecraft:bone":30,"minecraft:acacia_planks":1,"minecraft:stonecutter":4,"minecraft:bow":7,"minecraft:wheat_seeds":419,"minecraft:orange_tulip":6,"minecraft:deepslate_brick_slab":1,"minecraft:raw_gold":8,"minecraft:grindstone":1,"minecraft:fletching_table":9,"minecraft:bamboo":11,"minecraft:oak_planks":82,"minecraft:cooked_porkchop":2,"minecraft:poisonous_potato":3,"minecraft:sand":73,"minecraft:stripped_spruce_log":5,"minecraft:acacia_stairs":1,"minecraft:grass_block":3,"minecraft:lily_of_the_valley":25,"minecraft:dark_oak_log":193,"minecraft:barrel":20,"minecraft:diamond":73,"minecraft:spruce_boat":19,"minecraft:lever":1,"minecraft:granite":45,"minecraft:golden_horse_armor":1,"minecraft:oak_sapling":67,"minecraft:netherrack":896,"minecraft:oak_leaves":2,"minecraft:diamond_pickaxe":1,"minecraft:crafting_table":13,"minecraft:allium":46,"minecraft:azure_bluet":99,"minecraft:ominous_bottle":1,"minecraft:chicken":5,"minecraft:brown_mushroom":22,"minecraft:shield":1,"minecraft:stone_stairs":2,"minecraft:red_bed":3,"minecraft:birch_fence":8,"minecraft:compass":1,"minecraft:iron_shovel":1,"minecraft:beef":111,"minecraft:poppy":1,"minecraft:light_gray_wool":4,"minecraft:spruce_slab":3,"minecraft:minecart":2,"minecraft:lectern":47,"minecraft:sugar_cane":339,"minecraft:chest":8,"minecraft:birch_sapling":14,"minecraft:spruce_trapdoor":6,"minecraft:egg":14,"minecraft:dark_oak_sapling":5,"minecraft:raw_iron":179,"minecraft:fire_charge":1,"minecraft:arrow":34,"minecraft:peony":22,"minecraft:deepslate_bricks":1,"minecraft:hay_block":6,"minecraft:pink_tulip":10,"minecraft:mutton":50,"minecraft:rail":5,"minecraft:white_wool":25,"minecraft:oxeye_daisy":2,"minecraft:stripped_oak_log":79,"minecraft:jungle_boat":9,"minecraft:salmon":1,"minecraft:leather":63,"minecraft:acacia_wood":2,"minecraft:oak_log":269,"minecraft:gunpowder":19,"minecraft:cobblestone_stairs":1,"minecraft:white_banner":1,"minecraft:apple":6,"minecraft:stone_bricks":190,"minecraft:kelp":2,"minecraft:cooked_chicken":2,"minecraft:smooth_basalt":6,"minecraft:quartz":8,"minecraft:gravel":116,"minecraft:amethyst_shard":4,"minecraft:spruce_sapling":48,"minecraft:blast_furnace":7,"minecraft:white_bed":8,"minecraft:spruce_log":676,"minecraft:spruce_door":1,"minecraft:diamond_shovel":1,"minecraft:iron_helmet":1,"minecraft:diamond_axe":1,"minecraft:cherry_sapling":5,"minecraft:gray_wool":2,"minecraft:brown_banner":1,"minecraft:black_wool":1,"minecraft:coal":311,"minecraft:ender_pearl":2},"minecraft:crafted":{"minecraft:brick":20,"minecraft:grindstone":1,"minecraft:oak_planks":644,"minecraft:smooth_stone":3,"minecraft:chainmail_helmet":12,"minecraft:cobblestone_slab":12,"minecraft:barrel":11,"minecraft:cooked_chicken":2,"minecraft:stone":17,"minecraft:lever":1,"minecraft:diamond_shovel":2,"minecraft:bookshelf":17,"minecraft:cooked_mutton":52,"minecraft:dark_oak_door":3,"minecraft:glass":32,"minecraft:bow":1,"minecraft:diamond_leggings":1,"minecraft:iron_boots":14,"minecraft:chest":15,"minecraft:oak_button":1,"minecraft:rail":16,"minecraft:oak_fence":18,"minecraft:item_frame":8,"minecraft:oak_slab":6,"minecraft:emerald":194,"minecraft:cooked_porkchop":39,"minecraft:diamond_axe":2,"minecraft:crafting_table":10,"minecraft:spruce_planks":1908,"minecraft:jungle_boat":1,"minecraft:wooden_pickaxe":1,"minecraft:iron_helmet":4,"minecraft:spruce_door":3,"minecraft:smithing_table":1,"minecraft:fletching_table":1,"minecraft:birch_planks":304,"minecraft:dispenser":1,"minecraft:spruce_trapdoor":50,"minecraft:lectern":1,"minecraft:iron_chestplate":4,"minecraft:book":58,"minecraft:paper":282,"minecraft:diamond_pickaxe":8,"minecraft:shield":3,"minecraft:stone_slab":12,"minecraft:birch_fence":6,"minecraft:stick":5720,"minecraft:iron_ingot":205,"minecraft:iron_pickaxe":2,"minecraft:iron_block":3,"minecraft:stone_sword":1,"minecraft:composter":1,"minecraft:shears":1,"minecraft:stone_shovel":11,"minecraft:stone_brick_wall":12,"minecraft:iron_nugget":126,"minecraft:furnace":7,"minecraft:stone_button":1,"minecraft:blast_furnace":1,"minecraft:bone_meal":105,"minecraft:spruce_fence":15,"minecraft:glass_pane":16,"minecraft:oak_trapdoor":4,"minecraft:flint_and_steel":2,"minecraft:lantern":15,"minecraft:spruce_stairs":40,"minecraft:iron_axe":4,"minecraft:ladder":3,"minecraft:iron_hoe":1,"minecraft:spruce_slab":72,"minecraft:stone_pickaxe":3,"minecraft:diamond_boots":1,"minecraft:spruce_boat":3,"minecraft:dark_oak_planks":788,"minecraft:chainmail_leggings":7,"minecraft:minecart":1,"minecraft:wheat":126,"minecraft:cooked_beef":122,"minecraft:red_dye":3,"minecraft:diamond_sword":1,"minecraft:enchanting_table":1,"minecraft:powered_rail":6,"minecraft:iron_sword":3,"minecraft:red_bed":3,"minecraft:bucket":2,"minecraft:stone_axe":1,"minecraft:bread":42,"minecraft:air":0,"minecraft:jungle_planks":16,"minecraft:oak_fence_gate":22,"minecraft:oak_boat":1,"minecraft:chainmail_boots":12,"minecraft:iron_leggings":4,"minecraft:anvil":1,"minecraft:white_bed":11,"minecraft:torch":496},"minecraft:killed_by":{"minecraft:zombie":5,"minecraft:enderman":1},"minecraft:killed":{"minecraft:spider":10,"minecraft:skeleton":32,"minecraft:chicken":5,"minecraft:piglin":1,"minecraft:pig":26,"minecraft:zombie_villager":3,"minecraft:creeper":15,"minecraft:sheep":31,"minecraft:trader_llama":2,"minecraft:pillager":2,"minecraft:zombie":45,"minecraft:cow":62,"minecraft:drowned":1,"minecraft:wandering_trader":1,"minecraft:enderman":9}},"DataVersion":3955}