{"stats":{"minecraft:crafted":{"minecraft:oak_planks":96,"minecraft:cooked_chicken":2,"minecraft:furnace":6,"minecraft:stone":17,"minecraft:diamond_shovel":1,"minecraft:cooked_mutton":41,"minecraft:flint_and_steel":2,"minecraft:dark_oak_door":3,"minecraft:iron_boots":4,"minecraft:iron_axe":1,"minecraft:stone_pickaxe":3,"minecraft:chest":14,"minecraft:spruce_boat":2,"minecraft:dark_oak_planks":616,"minecraft:cooked_beef":33,"minecraft:item_frame":8,"minecraft:emerald":30,"minecraft:cooked_porkchop":39,"minecraft:diamond_axe":1,"minecraft:crafting_table":6,"minecraft:spruce_planks":12,"minecraft:enchanting_table":1,"minecraft:jungle_boat":1,"minecraft:wooden_pickaxe":1,"minecraft:iron_helmet":4,"minecraft:iron_sword":3,"minecraft:fletching_table":1,"minecraft:bucket":1,"minecraft:birch_planks":12,"minecraft:stone_axe":1,"minecraft:air":0,"minecraft:jungle_planks":16,"minecraft:oak_boat":1,"minecraft:book":1,"minecraft:paper":3,"minecraft:iron_chestplate":4,"minecraft:diamond_pickaxe":4,"minecraft:shield":3,"minecraft:stick":1108,"minecraft:iron_ingot":85,"minecraft:iron_pickaxe":2,"minecraft:stone_sword":1,"minecraft:iron_leggings":4,"minecraft:white_bed":3,"minecraft:torch":176},"minecraft:used":{"minecraft:peony":14,"minecraft:enchanting_table":1,"minecraft:stone_sword":117,"minecraft:white_tulip":5,"minecraft:iron_shovel":30,"minecraft:flint_and_steel":5,"minecraft:chest":17,"minecraft:iron_sword":288,"minecraft:netherrack":195,"minecraft:torch":173,"minecraft:brewing_stand":2,"minecraft:dirt":785,"minecraft:lily_of_the_valley":7,"minecraft:carrot":4,"minecraft:allium":4,"minecraft:azure_bluet":43,"minecraft:obsidian":51,"minecraft:spruce_boat":4,"minecraft:red_tulip":1,"minecraft:iron_axe":12,"minecraft:birch_sapling":4,"minecraft:item_frame":6,"minecraft:cooked_cod":2,"minecraft:oak_sapling":1,"minecraft:furnace":15,"minecraft:cooked_beef":18,"minecraft:cobbled_deepslate":27,"minecraft:wheat_seeds":10,"minecraft:cooked_mutton":30,"minecraft:pink_tulip":5,"minecraft:water_bucket":5,"minecraft:stone_pickaxe":254,"minecraft:orange_tulip":3,"minecraft:wooden_pickaxe":22,"minecraft:sugar_cane":22,"minecraft:diamond_axe":534,"minecraft:fletching_table":5,"minecraft:jungle_boat":9,"minecraft:crafting_table":11,"minecraft:white_bed":8,"minecraft:spruce_log":2,"minecraft:dark_oak_door":1,"minecraft:oak_log":49,"minecraft:diamond_pickaxe":1505,"minecraft:diamond_shovel":892,"minecraft:dark_oak_log":1,"minecraft:chicken":3,"minecraft:iron_pickaxe":247,"minecraft:gravel":19,"minecraft:lilac":6,"minecraft:stone_axe":49,"minecraft:pink_petals":1,"minecraft:cobblestone":1,"minecraft:cooked_porkchop":13,"minecraft:andesite":1,"minecraft:bucket":6,"minecraft:oak_boat":1},"minecraft:custom":{"minecraft:mob_kills":125,"minecraft:animals_bred":3,"minecraft:interact_with_crafting_table":54,"minecraft:leave_game":3,"minecraft:time_since_death":17006,"minecraft:climb_one_cm":152,"minecraft:sprint_one_cm":1477729,"minecraft:walk_one_cm":1028498,"minecraft:drop":67,"minecraft:talked_to_villager":13,"minecraft:play_time":375767,"minecraft:sneak_time":5758,"minecraft:deaths":8,"minecraft:walk_under_water_one_cm":30304,"minecraft:boat_one_cm":646883,"minecraft:interact_with_brewingstand":2,"minecraft:jump":4645,"minecraft:walk_on_water_one_cm":47185,"minecraft:total_world_time":375767,"minecraft:interact_with_furnace":124,"minecraft:traded_with_villager":30,"minecraft:sleep_in_bed":13,"minecraft:time_since_rest":17047,"minecraft:damage_taken":5226,"minecraft:damage_dealt":17860,"minecraft:swim_one_cm":32686,"minecraft:fly_one_cm":807151,"minecraft:open_chest":349,"minecraft:crouch_one_cm":17542,"minecraft:fall_one_cm":76118},"minecraft:broken":{"minecraft:stone_pickaxe":1,"minecraft:iron_pickaxe":1},"minecraft:dropped":{"minecraft:wheat_seeds":9,"minecraft:cooked_beef":2,"minecraft:diamond":1,"minecraft:golden_horse_armor":1,"minecraft:cobblestone":2,"minecraft:iron_helmet":1,"minecraft:brown_banner":1,"minecraft:flint":4,"minecraft:oxeye_daisy":1,"minecraft:dirt":28,"minecraft:diorite":1,"minecraft:wooden_axe":1,"minecraft:fire_charge":1,"minecraft:iron_leggings":1,"minecraft:white_banner":1,"minecraft:iron_pickaxe":2,"minecraft:white_wool":2,"minecraft:smooth_basalt":3,"minecraft:compass":1,"minecraft:stone_axe":1,"minecraft:kelp":1,"minecraft:stone_sword":1,"minecraft:tall_grass":1,"minecraft:rotten_flesh":12,"minecraft:grindstone":1,"minecraft:iron_boots":1,"minecraft:cooked_mutton":11,"minecraft:azure_bluet":1,"minecraft:filled_map":2,"minecraft:shield":1,"minecraft:gunpowder":2,"minecraft:diamond_pickaxe":1,"minecraft:iron_chestplate":1,"minecraft:jungle_log":2,"minecraft:golden_leggings":1,"minecraft:oak_sapling":1,"minecraft:chest":1,"minecraft:arrow":14,"minecraft:bow":6,"minecraft:stone_pickaxe":1,"minecraft:wooden_pickaxe":2,"minecraft:netherrack":514},"minecraft:killed_by":{"minecraft:enderman":1,"minecraft:zombie":5},"minecraft:killed":{"minecraft:spider":7,"minecraft:skeleton":10,"minecraft:chicken":5,"minecraft:drowned":1,"minecraft:piglin":1,"minecraft:pig":25,"minecraft:zombie_villager":1,"minecraft:creeper":4,"minecraft:sheep":23,"minecraft:pillager":2,"minecraft:zombie":20,"minecraft:enderman":5,"minecraft:cow":17},"minecraft:picked_up":{"minecraft:wooden_axe":1,"minecraft:crafting_table":6,"minecraft:wheat":15,"minecraft:allium":6,"minecraft:azure_bluet":44,"minecraft:ominous_bottle":1,"minecraft:chicken":5,"minecraft:brown_mushroom":22,"minecraft:brewing_stand":2,"minecraft:amethyst_block":3,"minecraft:string":9,"minecraft:raw_copper":33,"minecraft:compass":1,"minecraft:iron_shovel":1,"minecraft:gold_nugget":38,"minecraft:cobbled_deepslate":153,"minecraft:beef":33,"minecraft:white_tulip":5,"minecraft:calcite":4,"minecraft:iron_pickaxe":1,"minecraft:light_gray_wool":3,"minecraft:sugar_cane":61,"minecraft:chest":8,"minecraft:birch_sapling":11,"minecraft:furnace":9,"minecraft:egg":4,"minecraft:dark_oak_sapling":5,"minecraft:stick":23,"minecraft:raw_iron":56,"minecraft:torch":13,"minecraft:fire_charge":1,"minecraft:porkchop":47,"minecraft:diorite":1,"minecraft:arrow":20,"minecraft:rotten_flesh":28,"minecraft:peony":14,"minecraft:hay_block":6,"minecraft:red_tulip":1,"minecraft:pink_tulip":8,"minecraft:deepslate_brick_stairs":8,"minecraft:obsidian":52,"minecraft:mutton":39,"minecraft:white_wool":19,"minecraft:cobblestone":329,"minecraft:oxeye_daisy":1,"minecraft:birch_log":11,"minecraft:pink_petals":1,"minecraft:jungle_boat":9,"minecraft:feather":5,"minecraft:lilac":7,"minecraft:andesite":2,"minecraft:salmon":1,"minecraft:jungle_log":6,"minecraft:brown_wool":1,"minecraft:leather":15,"minecraft:golden_leggings":2,"minecraft:acacia_wood":2,"minecraft:flint":8,"minecraft:tuff":5,"minecraft:oak_log":148,"minecraft:gunpowder":4,"minecraft:dirt":867,"minecraft:white_banner":1,"minecraft:bone":8,"minecraft:apple":4,"minecraft:stone_bricks":17,"minecraft:bow":6,"minecraft:kelp":1,"minecraft:stonecutter":1,"minecraft:wheat_seeds":49,"minecraft:orange_tulip":3,"minecraft:raw_gold":8,"minecraft:grindstone":1,"minecraft:cooked_chicken":2,"minecraft:fletching_table":5,"minecraft:bamboo":11,"minecraft:smooth_basalt":3,"minecraft:quartz":8,"minecraft:gravel":45,"minecraft:grass_block":2,"minecraft:amethyst_shard":4,"minecraft:spruce_sapling":13,"minecraft:white_bed":5,"minecraft:spruce_log":66,"minecraft:lily_of_the_valley":7,"minecraft:dark_oak_log":193,"minecraft:spruce_boat":2,"minecraft:diamond":21,"minecraft:cherry_sapling":1,"minecraft:gray_wool":2,"minecraft:golden_horse_armor":1,"minecraft:netherrack":894,"minecraft:oak_sapling":16,"minecraft:brown_banner":1,"minecraft:black_wool":1,"minecraft:coal":103,"minecraft:ender_pearl":1},"minecraft:mined":{"minecraft:nether_gold_ore":10,"minecraft:tuff":5,"minecraft:white_bed":5,"minecraft:dark_oak_leaves":20,"minecraft:deepslate_diamond_ore":19,"minecraft:dark_oak_log":225,"minecraft:jungle_leaves":6,"minecraft:brewing_stand":2,"minecraft:obsidian":52,"minecraft:granite":10,"minecraft:budding_amethyst":1,"minecraft:allium":2,"minecraft:grass_block":506,"minecraft:jungle_log":6,"minecraft:spruce_leaves":19,"minecraft:oxeye_daisy":1,"minecraft:sandstone":9,"minecraft:hay_block":6,"minecraft:furnace":9,"minecraft:fire":36,"minecraft:iron_ore":31,"minecraft:cobbled_deepslate":2,"minecraft:andesite":2,"minecraft:fletching_table":5,"minecraft:peony":14,"minecraft:azure_bluet":36,"minecraft:vine":1,"minecraft:deepslate_iron_ore":25,"minecraft:pink_tulip":2,"minecraft:bamboo":1,"minecraft:white_tulip":6,"minecraft:stone":460,"minecraft:deepslate_redstone_ore":1,"minecraft:brown_mushroom":24,"minecraft:lily_of_the_valley":9,"minecraft:medium_amethyst_bud":1,"minecraft:amethyst_cluster":1,"minecraft:crafting_table":6,"minecraft:torch":3,"minecraft:short_grass":37,"minecraft:calcite":4,"minecraft:poppy":1,"minecraft:nether_quartz_ore":8,"minecraft:chest":10,"minecraft:copper_ore":9,"minecraft:tall_grass":1,"minecraft:cobblestone":3,"minecraft:deepslate_gold_ore":8,"minecraft:grindstone":1,"minecraft:sugar_cane":29,"minecraft:diorite":4,"minecraft:wall_torch":6,"minecraft:amethyst_block":3,"minecraft:pink_petals":2,"minecraft:wheat":10,"minecraft:birch_log":11,"minecraft:spruce_log":68,"minecraft:lilac":5,"minecraft:brown_wall_banner":2,"minecraft:birch_leaves":3,"minecraft:orange_tulip":2,"minecraft:oak_log":140,"minecraft:coal_ore":68,"minecraft:gravel":52,"minecraft:dirt":341,"minecraft:sand":86,"minecraft:smooth_basalt":4,"minecraft:stonecutter":1,"minecraft:stone_bricks":17,"minecraft:netherrack":897,"minecraft:oak_leaves":64,"minecraft:deepslate":321}},"DataVersion":3955}