{"stats":{"minecraft:crafted":{"minecraft:oak_planks":72,"minecraft:cooked_chicken":2,"minecraft:furnace":5,"minecraft:stone":17,"minecraft:diamond_shovel":1,"minecraft:cooked_mutton":26,"minecraft:iron_boots":2,"minecraft:stone_pickaxe":2,"minecraft:chest":14,"minecraft:dark_oak_planks":96,"minecraft:cooked_beef":33,"minecraft:item_frame":8,"minecraft:cooked_porkchop":28,"minecraft:diamond_axe":1,"minecraft:crafting_table":4,"minecraft:jungle_boat":1,"minecraft:wooden_pickaxe":1,"minecraft:iron_helmet":2,"minecraft:iron_sword":1,"minecraft:birch_planks":12,"minecraft:stone_axe":1,"minecraft:air":0,"minecraft:jungle_planks":16,"minecraft:iron_chestplate":2,"minecraft:diamond_pickaxe":2,"minecraft:shield":2,"minecraft:stick":96,"minecraft:iron_ingot":67,"minecraft:iron_pickaxe":2,"minecraft:stone_sword":1,"minecraft:iron_leggings":2,"minecraft:white_bed":3,"minecraft:torch":176},"minecraft:used":{"minecraft:peony":14,"minecraft:stone_sword":117,"minecraft:white_tulip":5,"minecraft:chest":17,"minecraft:iron_sword":195,"minecraft:torch":173,"minecraft:brewing_stand":1,"minecraft:dirt":777,"minecraft:lily_of_the_valley":7,"minecraft:carrot":4,"minecraft:allium":4,"minecraft:azure_bluet":42,"minecraft:red_tulip":1,"minecraft:birch_sapling":4,"minecraft:item_frame":6,"minecraft:cooked_cod":2,"minecraft:oak_sapling":1,"minecraft:furnace":12,"minecraft:cooked_beef":9,"minecraft:cobbled_deepslate":27,"minecraft:cooked_mutton":15,"minecraft:pink_tulip":2,"minecraft:stone_pickaxe":247,"minecraft:orange_tulip":2,"minecraft:wooden_pickaxe":22,"minecraft:sugar_cane":22,"minecraft:diamond_axe":527,"minecraft:jungle_boat":6,"minecraft:crafting_table":8,"minecraft:white_bed":8,"minecraft:spruce_log":2,"minecraft:oak_log":49,"minecraft:diamond_pickaxe":501,"minecraft:diamond_shovel":892,"minecraft:dark_oak_log":1,"minecraft:chicken":3,"minecraft:iron_pickaxe":247,"minecraft:lilac":5,"minecraft:stone_axe":49,"minecraft:pink_petals":1,"minecraft:cobblestone":1,"minecraft:cooked_porkchop":11,"minecraft:andesite":1},"minecraft:custom":{"minecraft:mob_kills":105,"minecraft:interact_with_crafting_table":38,"minecraft:leave_game":2,"minecraft:time_since_death":220631,"minecraft:climb_one_cm":152,"minecraft:sprint_one_cm":925925,"minecraft:walk_one_cm":763846,"minecraft:drop":42,"minecraft:play_time":235835,"minecraft:sneak_time":3478,"minecraft:deaths":5,"minecraft:walk_under_water_one_cm":29817,"minecraft:boat_one_cm":614160,"minecraft:interact_with_brewingstand":2,"minecraft:jump":3041,"minecraft:walk_on_water_one_cm":43452,"minecraft:total_world_time":235835,"minecraft:interact_with_furnace":104,"minecraft:sleep_in_bed":9,"minecraft:time_since_rest":8079,"minecraft:damage_taken":3062,"minecraft:damage_dealt":13576,"minecraft:swim_one_cm":26908,"minecraft:fly_one_cm":474229,"minecraft:open_chest":128,"minecraft:crouch_one_cm":9513,"minecraft:fall_one_cm":45881},"minecraft:broken":{"minecraft:stone_pickaxe":1,"minecraft:iron_pickaxe":1},"minecraft:dropped":{"minecraft:wheat_seeds":8,"minecraft:diamond":1,"minecraft:golden_horse_armor":1,"minecraft:iron_helmet":1,"minecraft:oxeye_daisy":1,"minecraft:dirt":26,"minecraft:diorite":1,"minecraft:wooden_axe":1,"minecraft:fire_charge":1,"minecraft:iron_leggings":1,"minecraft:iron_pickaxe":2,"minecraft:white_wool":2,"minecraft:smooth_basalt":3,"minecraft:stone_axe":1,"minecraft:kelp":1,"minecraft:stone_sword":1,"minecraft:tall_grass":1,"minecraft:rotten_flesh":4,"minecraft:grindstone":1,"minecraft:iron_boots":1,"minecraft:cooked_mutton":11,"minecraft:azure_bluet":1,"minecraft:filled_map":2,"minecraft:shield":1,"minecraft:gunpowder":2,"minecraft:iron_chestplate":1,"minecraft:diamond_pickaxe":1,"minecraft:jungle_log":2,"minecraft:oak_sapling":1,"minecraft:chest":1,"minecraft:bow":4,"minecraft:wooden_pickaxe":2,"minecraft:stone_pickaxe":1},"minecraft:killed_by":{"minecraft:zombie":5},"minecraft:killed":{"minecraft:spider":6,"minecraft:skeleton":7,"minecraft:chicken":5,"minecraft:drowned":1,"minecraft:pig":22,"minecraft:zombie_villager":1,"minecraft:creeper":4,"minecraft:sheep":23,"minecraft:zombie":16,"minecraft:cow":17},"minecraft:picked_up":{"minecraft:wooden_axe":1,"minecraft:crafting_table":4,"minecraft:allium":6,"minecraft:azure_bluet":43,"minecraft:chicken":5,"minecraft:brown_mushroom":22,"minecraft:brewing_stand":2,"minecraft:amethyst_block":3,"minecraft:raw_copper":33,"minecraft:cobbled_deepslate":150,"minecraft:beef":33,"minecraft:white_tulip":5,"minecraft:calcite":4,"minecraft:iron_pickaxe":1,"minecraft:light_gray_wool":2,"minecraft:sugar_cane":17,"minecraft:chest":4,"minecraft:birch_sapling":11,"minecraft:furnace":7,"minecraft:egg":2,"minecraft:dark_oak_sapling":5,"minecraft:stick":23,"minecraft:raw_iron":55,"minecraft:torch":13,"minecraft:fire_charge":1,"minecraft:porkchop":42,"minecraft:diorite":1,"minecraft:arrow":8,"minecraft:rotten_flesh":26,"minecraft:peony":14,"minecraft:hay_block":5,"minecraft:red_tulip":1,"minecraft:pink_tulip":5,"minecraft:mutton":39,"minecraft:white_wool":19,"minecraft:cobblestone":319,"minecraft:oxeye_daisy":1,"minecraft:birch_log":11,"minecraft:pink_petals":1,"minecraft:jungle_boat":6,"minecraft:feather":5,"minecraft:lilac":6,"minecraft:andesite":2,"minecraft:jungle_log":6,"minecraft:brown_wool":1,"minecraft:leather":15,"minecraft:golden_leggings":1,"minecraft:flint":2,"minecraft:oak_log":142,"minecraft:tuff":5,"minecraft:gunpowder":4,"minecraft:dirt":847,"minecraft:bone":4,"minecraft:apple":4,"minecraft:stonecutter":1,"minecraft:kelp":1,"minecraft:bow":4,"minecraft:wheat_seeds":10,"minecraft:orange_tulip":2,"minecraft:raw_gold":8,"minecraft:grindstone":1,"minecraft:bamboo":11,"minecraft:smooth_basalt":3,"minecraft:gravel":18,"minecraft:amethyst_shard":4,"minecraft:spruce_sapling":13,"minecraft:white_bed":5,"minecraft:spruce_log":66,"minecraft:lily_of_the_valley":7,"minecraft:dark_oak_log":193,"minecraft:diamond":21,"minecraft:cherry_sapling":1,"minecraft:gray_wool":2,"minecraft:golden_horse_armor":1,"minecraft:oak_sapling":16,"minecraft:coal":94},"minecraft:mined":{"minecraft:tuff":5,"minecraft:white_bed":5,"minecraft:dark_oak_leaves":20,"minecraft:deepslate_diamond_ore":19,"minecraft:dark_oak_log":225,"minecraft:jungle_leaves":6,"minecraft:brewing_stand":2,"minecraft:granite":10,"minecraft:budding_amethyst":1,"minecraft:allium":2,"minecraft:grass_block":497,"minecraft:jungle_log":6,"minecraft:spruce_leaves":19,"minecraft:sandstone":9,"minecraft:oxeye_daisy":1,"minecraft:hay_block":6,"minecraft:furnace":7,"minecraft:iron_ore":30,"minecraft:cobbled_deepslate":2,"minecraft:andesite":2,"minecraft:azure_bluet":35,"minecraft:peony":14,"minecraft:deepslate_iron_ore":25,"minecraft:vine":1,"minecraft:pink_tulip":2,"minecraft:bamboo":1,"minecraft:stone":448,"minecraft:white_tulip":6,"minecraft:deepslate_redstone_ore":1,"minecraft:brown_mushroom":24,"minecraft:lily_of_the_valley":9,"minecraft:medium_amethyst_bud":1,"minecraft:amethyst_cluster":1,"minecraft:crafting_table":4,"minecraft:torch":3,"minecraft:short_grass":27,"minecraft:calcite":4,"minecraft:poppy":1,"minecraft:chest":4,"minecraft:cobblestone":3,"minecraft:tall_grass":1,"minecraft:copper_ore":9,"minecraft:deepslate_gold_ore":8,"minecraft:grindstone":1,"minecraft:sugar_cane":7,"minecraft:diorite":4,"minecraft:wall_torch":6,"minecraft:amethyst_block":3,"minecraft:pink_petals":2,"minecraft:birch_log":11,"minecraft:lilac":5,"minecraft:spruce_log":68,"minecraft:birch_leaves":3,"minecraft:orange_tulip":2,"minecraft:oak_log":134,"minecraft:coal_ore":59,"minecraft:sand":86,"minecraft:gravel":23,"minecraft:dirt":337,"minecraft:smooth_basalt":4,"minecraft:stonecutter":1,"minecraft:oak_leaves":62,"minecraft:deepslate":321}},"DataVersion":3955}