{"stats":{"minecraft:crafted":{"minecraft:oak_planks":56,"minecraft:cooked_chicken":2,"minecraft:furnace":5,"minecraft:stone":17,"minecraft:diamond_shovel":1,"minecraft:cooked_mutton":26,"minecraft:iron_boots":2,"minecraft:stone_pickaxe":2,"minecraft:chest":2,"minecraft:cooked_beef":9,"minecraft:cooked_porkchop":28,"minecraft:diamond_axe":1,"minecraft:crafting_table":4,"minecraft:jungle_boat":1,"minecraft:wooden_pickaxe":1,"minecraft:iron_helmet":2,"minecraft:iron_sword":1,"minecraft:birch_planks":12,"minecraft:stone_axe":1,"minecraft:air":0,"minecraft:jungle_planks":16,"minecraft:iron_chestplate":2,"minecraft:diamond_pickaxe":2,"minecraft:shield":2,"minecraft:stick":60,"minecraft:iron_ingot":67,"minecraft:iron_pickaxe":2,"minecraft:stone_sword":1,"minecraft:iron_leggings":2,"minecraft:white_bed":3,"minecraft:torch":156},"minecraft:used":{"minecraft:peony":14,"minecraft:stone_sword":117,"minecraft:white_tulip":5,"minecraft:chest":5,"minecraft:iron_sword":125,"minecraft:torch":167,"minecraft:dirt":777,"minecraft:lily_of_the_valley":7,"minecraft:carrot":4,"minecraft:allium":4,"minecraft:azure_bluet":42,"minecraft:red_tulip":1,"minecraft:birch_sapling":4,"minecraft:oak_sapling":1,"minecraft:furnace":8,"minecraft:cooked_beef":8,"minecraft:cobbled_deepslate":27,"minecraft:cooked_mutton":15,"minecraft:pink_tulip":2,"minecraft:stone_pickaxe":247,"minecraft:orange_tulip":2,"minecraft:wooden_pickaxe":22,"minecraft:diamond_axe":164,"minecraft:jungle_boat":4,"minecraft:crafting_table":8,"minecraft:white_bed":5,"minecraft:oak_log":49,"minecraft:diamond_pickaxe":390,"minecraft:diamond_shovel":792,"minecraft:chicken":3,"minecraft:iron_pickaxe":247,"minecraft:lilac":5,"minecraft:stone_axe":49,"minecraft:pink_petals":1,"minecraft:cobblestone":1,"minecraft:cooked_porkchop":7,"minecraft:andesite":1},"minecraft:custom":{"minecraft:mob_kills":83,"minecraft:interact_with_crafting_table":29,"minecraft:leave_game":2,"minecraft:time_since_death":172631,"minecraft:climb_one_cm":152,"minecraft:sprint_one_cm":766621,"minecraft:walk_one_cm":658341,"minecraft:drop":27,"minecraft:play_time":187835,"minecraft:sneak_time":2837,"minecraft:deaths":5,"minecraft:walk_under_water_one_cm":23444,"minecraft:boat_one_cm":305985,"minecraft:interact_with_brewingstand":1,"minecraft:jump":2594,"minecraft:walk_on_water_one_cm":36149,"minecraft:total_world_time":187835,"minecraft:interact_with_furnace":86,"minecraft:sleep_in_bed":7,"minecraft:time_since_rest":13645,"minecraft:damage_taken":2815,"minecraft:damage_dealt":9978,"minecraft:swim_one_cm":21754,"minecraft:fly_one_cm":409326,"minecraft:open_chest":72,"minecraft:crouch_one_cm":8227,"minecraft:fall_one_cm":41087},"minecraft:broken":{"minecraft:stone_pickaxe":1,"minecraft:iron_pickaxe":1},"minecraft:dropped":{"minecraft:diamond":1,"minecraft:golden_horse_armor":1,"minecraft:iron_helmet":1,"minecraft:oxeye_daisy":1,"minecraft:dirt":26,"minecraft:diorite":1,"minecraft:wooden_axe":1,"minecraft:fire_charge":1,"minecraft:iron_leggings":1,"minecraft:iron_pickaxe":2,"minecraft:smooth_basalt":3,"minecraft:stone_axe":1,"minecraft:stone_sword":1,"minecraft:iron_boots":1,"minecraft:cooked_mutton":11,"minecraft:azure_bluet":1,"minecraft:shield":1,"minecraft:iron_chestplate":1,"minecraft:diamond_pickaxe":1,"minecraft:bow":4,"minecraft:wooden_pickaxe":2,"minecraft:stone_pickaxe":1},"minecraft:killed_by":{"minecraft:zombie":5},"minecraft:killed":{"minecraft:spider":5,"minecraft:skeleton":6,"minecraft:chicken":5,"minecraft:pig":21,"minecraft:creeper":2,"minecraft:sheep":23,"minecraft:zombie":8,"minecraft:cow":10},"minecraft:picked_up":{"minecraft:wooden_axe":1,"minecraft:crafting_table":4,"minecraft:allium":6,"minecraft:azure_bluet":43,"minecraft:chicken":5,"minecraft:brewing_stand":1,"minecraft:amethyst_block":3,"minecraft:raw_copper":18,"minecraft:cobbled_deepslate":150,"minecraft:beef":19,"minecraft:white_tulip":5,"minecraft:calcite":4,"minecraft:iron_pickaxe":1,"minecraft:light_gray_wool":2,"minecraft:sugar_cane":16,"minecraft:chest":4,"minecraft:birch_sapling":11,"minecraft:furnace":3,"minecraft:egg":2,"minecraft:stick":21,"minecraft:raw_iron":55,"minecraft:torch":11,"minecraft:fire_charge":1,"minecraft:porkchop":41,"minecraft:diorite":1,"minecraft:arrow":6,"minecraft:rotten_flesh":13,"minecraft:peony":14,"minecraft:hay_block":5,"minecraft:red_tulip":1,"minecraft:pink_tulip":5,"minecraft:mutton":39,"minecraft:white_wool":19,"minecraft:cobblestone":240,"minecraft:oxeye_daisy":1,"minecraft:birch_log":11,"minecraft:pink_petals":1,"minecraft:jungle_boat":3,"minecraft:feather":5,"minecraft:lilac":6,"minecraft:andesite":2,"minecraft:jungle_log":6,"minecraft:brown_wool":1,"minecraft:leather":11,"minecraft:golden_leggings":1,"minecraft:flint":2,"minecraft:oak_log":128,"minecraft:tuff":5,"minecraft:gunpowder":1,"minecraft:dirt":835,"minecraft:bone":4,"minecraft:apple":4,"minecraft:bow":4,"minecraft:wheat_seeds":10,"minecraft:orange_tulip":2,"minecraft:raw_gold":8,"minecraft:grindstone":1,"minecraft:bamboo":11,"minecraft:smooth_basalt":3,"minecraft:gravel":18,"minecraft:amethyst_shard":4,"minecraft:white_bed":3,"minecraft:lily_of_the_valley":7,"minecraft:diamond":21,"minecraft:cherry_sapling":1,"minecraft:gray_wool":2,"minecraft:golden_horse_armor":1,"minecraft:oak_sapling":13,"minecraft:coal":94},"minecraft:mined":{"minecraft:tuff":5,"minecraft:white_bed":3,"minecraft:deepslate_diamond_ore":19,"minecraft:jungle_leaves":6,"minecraft:brewing_stand":1,"minecraft:granite":10,"minecraft:budding_amethyst":1,"minecraft:allium":2,"minecraft:grass_block":485,"minecraft:jungle_log":6,"minecraft:oxeye_daisy":1,"minecraft:hay_block":6,"minecraft:furnace":3,"minecraft:iron_ore":30,"minecraft:cobbled_deepslate":2,"minecraft:andesite":2,"minecraft:azure_bluet":35,"minecraft:peony":14,"minecraft:deepslate_iron_ore":25,"minecraft:vine":1,"minecraft:pink_tulip":2,"minecraft:bamboo":1,"minecraft:stone":360,"minecraft:white_tulip":6,"minecraft:deepslate_redstone_ore":1,"minecraft:lily_of_the_valley":9,"minecraft:medium_amethyst_bud":1,"minecraft:amethyst_cluster":1,"minecraft:crafting_table":4,"minecraft:torch":3,"minecraft:short_grass":25,"minecraft:calcite":4,"minecraft:poppy":1,"minecraft:chest":4,"minecraft:tall_grass":1,"minecraft:copper_ore":5,"minecraft:deepslate_gold_ore":8,"minecraft:grindstone":1,"minecraft:sugar_cane":6,"minecraft:diorite":4,"minecraft:wall_torch":4,"minecraft:amethyst_block":3,"minecraft:pink_petals":2,"minecraft:birch_log":11,"minecraft:lilac":5,"minecraft:birch_leaves":3,"minecraft:orange_tulip":2,"minecraft:oak_log":120,"minecraft:coal_ore":59,"minecraft:gravel":23,"minecraft:dirt":335,"minecraft:smooth_basalt":4,"minecraft:oak_leaves":49,"minecraft:deepslate":321}},"DataVersion":3955}