{"stats":{"minecraft:mined":{"minecraft:diamond_ore":1,"minecraft:tuff":26,"minecraft:white_bed":1,"minecraft:mossy_cobblestone":1,"minecraft:dark_oak_leaves":5,"minecraft:deepslate_diamond_ore":111,"minecraft:jungle_leaves":3,"minecraft:dark_oak_log":129,"minecraft:brewing_stand":1,"minecraft:dark_oak_fence":1,"minecraft:granite":1,"minecraft:acacia_log":32,"minecraft:grass_block":1927,"minecraft:jungle_log":113,"minecraft:spruce_leaves":9,"minecraft:hay_block":16,"minecraft:furnace":7,"minecraft:carrots":2,"minecraft:iron_ore":45,"minecraft:cobbled_deepslate":14,"minecraft:andesite":31,"minecraft:azure_bluet":1,"minecraft:enchanting_table":1,"minecraft:bookshelf":1,"minecraft:pointed_dripstone":1,"minecraft:dirt_path":1,"minecraft:deepslate_iron_ore":7,"minecraft:vine":8,"minecraft:oak_stairs":1,"minecraft:stone":132,"minecraft:acacia_leaves":3,"minecraft:dandelion":5,"minecraft:crafting_table":9,"minecraft:torch":1,"minecraft:short_grass":447,"minecraft:chest":4,"minecraft:lectern":12,"minecraft:tall_grass":34,"minecraft:cobblestone":7,"minecraft:deepslate_coal_ore":3,"minecraft:deepslate_gold_ore":6,"minecraft:grindstone":1,"minecraft:lily_pad":1,"minecraft:sugar_cane":85,"minecraft:diorite":10,"minecraft:wall_torch":2,"minecraft:seagrass":1,"minecraft:birch_log":23,"minecraft:wheat":2,"minecraft:spruce_log":18,"minecraft:birch_leaves":4,"minecraft:yellow_bed":1,"minecraft:oak_log":26,"minecraft:coal_ore":71,"minecraft:gravel":26,"minecraft:dirt":195,"minecraft:fern":1,"minecraft:netherrack":8,"minecraft:gold_ore":5,"minecraft:deepslate":177,"minecraft:oak_leaves":4},"minecraft:custom":{"minecraft:mob_kills":253,"minecraft:animals_bred":2,"minecraft:interact_with_crafting_table":60,"minecraft:bell_ring":1,"minecraft:leave_game":1,"minecraft:time_since_death":310182,"minecraft:climb_one_cm":2122,"minecraft:sprint_one_cm":1439369,"minecraft:walk_one_cm":1056483,"minecraft:damage_blocked_by_shield":190,"minecraft:drop":43,"minecraft:talked_to_villager":17,"minecraft:play_time":310182,"minecraft:sneak_time":17436,"minecraft:walk_under_water_one_cm":37823,"minecraft:boat_one_cm":139751,"minecraft:jump":5177,"minecraft:walk_on_water_one_cm":96865,"minecraft:total_world_time":310182,"minecraft:interact_with_furnace":131,"minecraft:traded_with_villager":1,"minecraft:interact_with_stonecutter":3,"minecraft:sleep_in_bed":14,"minecraft:time_since_rest":16094,"minecraft:damage_taken":3534,"minecraft:damage_dealt":32613,"minecraft:swim_one_cm":97962,"minecraft:fly_one_cm":1062792,"minecraft:open_chest":154,"minecraft:crouch_one_cm":74012,"minecraft:fall_one_cm":97178,"minecraft:horse_one_cm":2},"minecraft:used":{"minecraft:enchanting_table":2,"minecraft:flint_and_steel":1,"minecraft:armor_stand":2,"minecraft:chest":13,"minecraft:shield":6,"minecraft:iron_sword":113,"minecraft:torch":211,"minecraft:dirt":2097,"minecraft:tuff":16,"minecraft:obsidian":10,"minecraft:bookshelf":14,"minecraft:oak_sapling":7,"minecraft:furnace":11,"minecraft:cooked_beef":13,"minecraft:cobbled_deepslate":75,"minecraft:cooked_mutton":45,"minecraft:acacia_boat":4,"minecraft:water_bucket":55,"minecraft:stone_pickaxe":118,"minecraft:wooden_pickaxe":12,"minecraft:fletching_table":1,"minecraft:stonecutter":1,"minecraft:sugar_cane":26,"minecraft:diamond_axe":390,"minecraft:crafting_table":16,"minecraft:white_bed":4,"minecraft:dark_oak_fence_gate":1,"minecraft:spruce_log":3,"minecraft:diamond_pickaxe":465,"minecraft:diamond_shovel":2203,"minecraft:iron_pickaxe":100,"minecraft:lectern":12,"minecraft:gravel":25,"minecraft:stone_axe":80,"minecraft:diamond_sword":506,"minecraft:cobblestone":44,"minecraft:dark_oak_fence":18,"minecraft:cooked_porkchop":16,"minecraft:andesite":8,"minecraft:bucket":56,"minecraft:yellow_bed":1},"minecraft:dropped":{"minecraft:iron_sword":2,"minecraft:wheat_seeds":2,"minecraft:diamond_leggings":1,"minecraft:iron_helmet":1,"minecraft:cobblestone":2,"minecraft:leather":11,"minecraft:acacia_log":2,"minecraft:stick":1,"minecraft:dirt":1,"minecraft:gray_wool":2,"minecraft:brown_wool":1,"minecraft:diamond_helmet":1,"minecraft:iron_leggings":2,"minecraft:iron_pickaxe":4,"minecraft:string":2,"minecraft:dandelion":1,"minecraft:gravel":1,"minecraft:stone_axe":2,"minecraft:rotten_flesh":5,"minecraft:iron_boots":1,"minecraft:cooked_mutton":9,"minecraft:shield":2,"minecraft:diamond_chestplate":1,"minecraft:diamond_pickaxe":1,"minecraft:iron_chestplate":2,"minecraft:diamond_boots":1,"minecraft:bow":1,"minecraft:stone_pickaxe":2,"minecraft:wooden_pickaxe":1,"minecraft:black_wool":2,"minecraft:netherrack":16},"minecraft:picked_up":{"minecraft:crafting_table":9,"minecraft:iron_chestplate":1,"minecraft:wheat":2,"minecraft:chicken":5,"minecraft:oak_stairs":1,"minecraft:brewing_stand":1,"minecraft:shield":1,"minecraft:cornflower":2,"minecraft:string":6,"minecraft:iron_leggings":1,"minecraft:cobbled_deepslate":173,"minecraft:beef":68,"minecraft:jungle_sapling":2,"minecraft:iron_pickaxe":2,"minecraft:lectern":12,"minecraft:sugar_cane":186,"minecraft:chest":4,"minecraft:birch_sapling":1,"minecraft:furnace":7,"minecraft:egg":11,"minecraft:dark_oak_sapling":4,"minecraft:stick":5,"minecraft:raw_iron":60,"minecraft:torch":8,"minecraft:acacia_log":32,"minecraft:porkchop":33,"minecraft:diorite":1,"minecraft:carrot":4,"minecraft:redstone":5,"minecraft:arrow":18,"minecraft:rotten_flesh":49,"minecraft:hay_block":16,"minecraft:mutton":85,"minecraft:white_wool":36,"minecraft:cobblestone":118,"minecraft:oxeye_daisy":1,"minecraft:birch_log":23,"minecraft:enchanting_table":1,"minecraft:feather":3,"minecraft:glow_ink_sac":1,"minecraft:jungle_log":113,"minecraft:andesite":28,"minecraft:brown_wool":1,"minecraft:leather":54,"minecraft:flint":3,"minecraft:tuff":29,"minecraft:oak_log":26,"minecraft:lily_pad":8,"minecraft:yellow_bed":1,"minecraft:gunpowder":2,"minecraft:acacia_boat":3,"minecraft:dirt":2157,"minecraft:bone":20,"minecraft:acacia_planks":35,"minecraft:apple":1,"minecraft:bow":1,"minecraft:wheat_seeds":133,"minecraft:raw_gold":13,"minecraft:iron_ingot":1,"minecraft:grindstone":1,"minecraft:iron_sword":1,"minecraft:book":3,"minecraft:dandelion":8,"minecraft:gravel":25,"minecraft:spruce_sapling":2,"minecraft:grass_block":1,"minecraft:white_bed":1,"minecraft:spruce_log":17,"minecraft:dark_oak_log":128,"minecraft:spider_eye":2,"minecraft:mossy_cobblestone":1,"minecraft:slime_ball":22,"minecraft:diamond":108,"minecraft:stone_axe":1,"minecraft:granite":1,"minecraft:gray_wool":2,"minecraft:netherrack":16,"minecraft:black_wool":3,"minecraft:dark_oak_fence":1,"minecraft:coal":199,"minecraft:ender_pearl":2},"minecraft:crafted":{"minecraft:smooth_stone":1,"minecraft:oak_planks":68,"minecraft:smooth_stone_slab":2,"minecraft:furnace":4,"minecraft:stone":4,"minecraft:diamond_shovel":2,"minecraft:bookshelf":15,"minecraft:cooked_mutton":54,"minecraft:flint_and_steel":1,"minecraft:dark_oak_fence":21,"minecraft:diamond_helmet":2,"minecraft:diamond_leggings":2,"minecraft:iron_boots":1,"minecraft:stone_pickaxe":2,"minecraft:chest":8,"minecraft:diamond_boots":2,"minecraft:dark_oak_planks":148,"minecraft:wheat":144,"minecraft:cooked_beef":35,"minecraft:diamond_sword":1,"minecraft:emerald":1,"minecraft:cooked_porkchop":16,"minecraft:diamond_axe":1,"minecraft:crafting_table":6,"minecraft:enchanting_table":1,"minecraft:wooden_pickaxe":1,"minecraft:iron_helmet":1,"minecraft:iron_sword":2,"minecraft:fletching_table":1,"minecraft:birch_planks":24,"minecraft:bucket":1,"minecraft:stone_axe":1,"minecraft:acacia_boat":1,"minecraft:air":0,"minecraft:lectern":1,"minecraft:dark_oak_slab":6,"minecraft:iron_chestplate":1,"minecraft:book":42,"minecraft:paper":126,"minecraft:diamond_pickaxe":2,"minecraft:shield":2,"minecraft:stick":140,"minecraft:iron_ingot":114,"minecraft:iron_pickaxe":2,"minecraft:iron_leggings":1,"minecraft:stonecutter":1,"minecraft:armor_stand":2,"minecraft:white_bed":3,"minecraft:acacia_planks":120,"minecraft:dark_oak_fence_gate":1,"minecraft:torch":208,"minecraft:diamond_chestplate":2},"minecraft:killed":{"minecraft:spider":10,"minecraft:slime":35,"minecraft:horse":4,"minecraft:skeleton":22,"minecraft:chicken":5,"minecraft:piglin":2,"minecraft:pig":16,"minecraft:creeper":2,"minecraft:sheep":42,"minecraft:zombie":58,"minecraft:donkey":1,"minecraft:enderman":5,"minecraft:cow":36}},"DataVersion":3955}