{"stats":{"minecraft:used":{"minecraft:cooked_mutton":17,"minecraft:stone_pickaxe":118,"minecraft:shield":1,"minecraft:wooden_pickaxe":12,"minecraft:iron_sword":73,"minecraft:torch":121,"minecraft:crafting_table":9,"minecraft:white_bed":2,"minecraft:tuff":9,"minecraft:diamond_pickaxe":66,"minecraft:iron_pickaxe":100,"minecraft:stone_axe":80,"minecraft:cobblestone":25,"minecraft:furnace":4,"minecraft:andesite":8,"minecraft:cooked_beef":2,"minecraft:cobbled_deepslate":56},"minecraft:picked_up":{"minecraft:iron_chestplate":1,"minecraft:crafting_table":7,"minecraft:andesite":11,"minecraft:leather":3,"minecraft:tuff":10,"minecraft:shield":1,"minecraft:string":1,"minecraft:iron_leggings":1,"minecraft:bone":2,"minecraft:acacia_planks":35,"minecraft:wheat_seeds":2,"minecraft:cobbled_deepslate":79,"minecraft:raw_gold":7,"minecraft:iron_ingot":1,"minecraft:beef":4,"minecraft:iron_pickaxe":2,"minecraft:iron_sword":1,"minecraft:furnace":4,"minecraft:raw_iron":45,"minecraft:dandelion":2,"minecraft:acacia_log":27,"minecraft:gravel":2,"minecraft:white_bed":1,"minecraft:redstone":5,"minecraft:arrow":2,"minecraft:rotten_flesh":11,"minecraft:slime_ball":1,"minecraft:diamond":54,"minecraft:stone_axe":1,"minecraft:coal":80,"minecraft:mutton":26,"minecraft:white_wool":15,"minecraft:cobblestone":50},"minecraft:killed":{"minecraft:spider":2,"minecraft:sheep":15,"minecraft:skeleton":6,"minecraft:zombie":16,"minecraft:cow":2},"minecraft:custom":{"minecraft:interact_with_furnace":49,"minecraft:mob_kills":42,"minecraft:interact_with_crafting_table":22,"minecraft:time_since_death":59621,"minecraft:sleep_in_bed":2,"minecraft:time_since_rest":45132,"minecraft:sprint_one_cm":185524,"minecraft:damage_taken":1352,"minecraft:walk_one_cm":189074,"minecraft:damage_blocked_by_shield":40,"minecraft:drop":12,"minecraft:damage_dealt":6254,"minecraft:swim_one_cm":3182,"minecraft:fly_one_cm":97868,"minecraft:open_chest":7,"minecraft:crouch_one_cm":13020,"minecraft:play_time":59621,"minecraft:sneak_time":5406,"minecraft:walk_under_water_one_cm":12433,"minecraft:jump":871,"minecraft:walk_on_water_one_cm":17291,"minecraft:total_world_time":59621,"minecraft:fall_one_cm":12798},"minecraft:dropped":{"minecraft:iron_sword":1,"minecraft:stone_axe":1,"minecraft:cooked_mutton":9,"minecraft:shield":1,"minecraft:iron_chestplate":1,"minecraft:iron_leggings":1,"minecraft:stone_pickaxe":1,"minecraft:wooden_pickaxe":1,"minecraft:iron_pickaxe":3,"minecraft:dandelion":1},"minecraft:mined":{"minecraft:tuff":8,"minecraft:acacia_leaves":3,"minecraft:white_bed":1,"minecraft:deepslate_diamond_ore":54,"minecraft:dandelion":1,"minecraft:crafting_table":7,"minecraft:short_grass":27,"minecraft:acacia_log":27,"minecraft:tall_grass":4,"minecraft:deepslate_gold_ore":5,"minecraft:wall_torch":1,"minecraft:furnace":4,"minecraft:iron_ore":35,"minecraft:cobbled_deepslate":14,"minecraft:andesite":11,"minecraft:coal_ore":42,"minecraft:deepslate_iron_ore":1,"minecraft:gravel":1,"minecraft:stone":48,"minecraft:deepslate":71},"minecraft:crafted":{"minecraft:cooked_beef":4,"minecraft:crafting_table":2,"minecraft:wooden_pickaxe":1,"minecraft:iron_helmet":1,"minecraft:iron_sword":2,"minecraft:furnace":2,"minecraft:stone_axe":1,"minecraft:cooked_mutton":26,"minecraft:air":0,"minecraft:diamond_leggings":1,"minecraft:iron_boots":1,"minecraft:iron_chestplate":1,"minecraft:diamond_pickaxe":1,"minecraft:shield":2,"minecraft:stick":52,"minecraft:iron_ingot":37,"minecraft:iron_pickaxe":2,"minecraft:stone_pickaxe":2,"minecraft:iron_leggings":1,"minecraft:white_bed":2,"minecraft:acacia_planks":84,"minecraft:torch":140,"minecraft:diamond_chestplate":1}},"DataVersion":3955}