{"stats":{"minecraft:crafted":{"minecraft:oak_planks":352,"minecraft:cobblestone_slab":12,"minecraft:barrel":6,"minecraft:cooked_chicken":2,"minecraft:stone":17,"minecraft:diamond_shovel":2,"minecraft:cooked_mutton":41,"minecraft:dark_oak_door":3,"minecraft:iron_boots":4,"minecraft:chest":14,"minecraft:item_frame":8,"minecraft:emerald":58,"minecraft:cooked_porkchop":39,"minecraft:diamond_axe":2,"minecraft:crafting_table":7,"minecraft:spruce_planks":76,"minecraft:jungle_boat":1,"minecraft:wooden_pickaxe":1,"minecraft:iron_helmet":4,"minecraft:smithing_table":1,"minecraft:fletching_table":1,"minecraft:birch_planks":48,"minecraft:iron_chestplate":4,"minecraft:book":1,"minecraft:paper":3,"minecraft:diamond_pickaxe":4,"minecraft:shield":3,"minecraft:stone_slab":12,"minecraft:birch_fence":6,"minecraft:stick":1668,"minecraft:iron_ingot":85,"minecraft:iron_pickaxe":2,"minecraft:stone_sword":1,"minecraft:shears":1,"minecraft:stone_shovel":11,"minecraft:stone_brick_wall":12,"minecraft:furnace":6,"minecraft:bone_meal":6,"minecraft:spruce_fence":15,"minecraft:flint_and_steel":2,"minecraft:iron_axe":4,"minecraft:iron_hoe":1,"minecraft:spruce_slab":12,"minecraft:stone_pickaxe":3,"minecraft:spruce_boat":2,"minecraft:dark_oak_planks":616,"minecraft:wheat":126,"minecraft:cooked_beef":54,"minecraft:enchanting_table":1,"minecraft:iron_sword":3,"minecraft:bucket":2,"minecraft:stone_axe":1,"minecraft:bread":42,"minecraft:air":0,"minecraft:jungle_planks":16,"minecraft:oak_boat":1,"minecraft:iron_leggings":4,"minecraft:white_bed":9,"minecraft:torch":400},"minecraft:used":{"minecraft:peony":22,"minecraft:cherry_sapling":3,"minecraft:iron_shovel":30,"minecraft:chest":17,"minecraft:stone":48,"minecraft:iron_sword":352,"minecraft:lily_of_the_valley":7,"minecraft:carrot":4,"minecraft:allium":23,"minecraft:tuff":6,"minecraft:azure_bluet":72,"minecraft:obsidian":51,"minecraft:spruce_boat":6,"minecraft:lantern":3,"minecraft:birch_sapling":4,"minecraft:stone_bricks":14,"minecraft:item_frame":6,"minecraft:furnace":15,"minecraft:oak_sapling":1,"minecraft:cooked_cod":2,"minecraft:potato":22,"minecraft:stone_pickaxe":254,"minecraft:orange_tulip":3,"minecraft:wooden_pickaxe":22,"minecraft:diamond_axe":539,"minecraft:sugar_cane":22,"minecraft:jungle_boat":9,"minecraft:stone_brick_wall":12,"minecraft:birch_fence":4,"minecraft:dark_oak_log":1,"minecraft:bread":13,"minecraft:gravel":92,"minecraft:lilac":6,"minecraft:smithing_table":1,"minecraft:andesite":1,"minecraft:oak_boat":1,"minecraft:bone_meal":6,"minecraft:enchanting_table":1,"minecraft:stone_sword":117,"minecraft:flint_and_steel":5,"minecraft:white_tulip":5,"minecraft:stone_shovel":4,"minecraft:spruce_planks":3,"minecraft:cooked_salmon":3,"minecraft:netherrack":197,"minecraft:orange_bed":1,"minecraft:torch":302,"minecraft:brewing_stand":2,"minecraft:dirt":1501,"minecraft:spruce_fence":12,"minecraft:iron_hoe":63,"minecraft:red_tulip":5,"minecraft:iron_axe":367,"minecraft:barrel":6,"minecraft:cooked_beef":21,"minecraft:cobbled_deepslate":27,"minecraft:wheat_seeds":47,"minecraft:cooked_mutton":30,"minecraft:water_bucket":52,"minecraft:pink_tulip":5,"minecraft:fletching_table":10,"minecraft:stonecutter":1,"minecraft:cobblestone_slab":9,"minecraft:crafting_table":12,"minecraft:white_bed":15,"minecraft:spruce_log":6,"minecraft:dark_oak_door":1,"minecraft:oak_log":49,"minecraft:diamond_pickaxe":2293,"minecraft:diamond_shovel":1685,"minecraft:chicken":3,"minecraft:iron_pickaxe":247,"minecraft:stone_slab":8,"minecraft:stone_axe":49,"minecraft:pink_petals":1,"minecraft:cobblestone":70,"minecraft:cooked_porkchop":19,"minecraft:bucket":54,"minecraft:kelp":1},"minecraft:custom":{"minecraft:animals_bred":16,"minecraft:interact_with_crafting_table":70,"minecraft:open_barrel":2,"minecraft:leave_game":4,"minecraft:time_since_death":181685,"minecraft:sprint_one_cm":2050944,"minecraft:drop":111,"minecraft:talked_to_villager":48,"minecraft:play_time":540446,"minecraft:deaths":8,"minecraft:jump":6201,"minecraft:interact_with_brewingstand":2,"minecraft:walk_on_water_one_cm":59813,"minecraft:interact_with_furnace":132,"minecraft:traded_with_villager":72,"minecraft:sleep_in_bed":27,"minecraft:damage_dealt":21387,"minecraft:crouch_one_cm":22784,"minecraft:interact_with_smoker":1,"minecraft:mob_kills":148,"minecraft:climb_one_cm":152,"minecraft:walk_one_cm":1622821,"minecraft:sneak_time":7918,"minecraft:walk_under_water_one_cm":32469,"minecraft:boat_one_cm":658639,"minecraft:total_world_time":540446,"minecraft:time_since_rest":12743,"minecraft:damage_taken":6013,"minecraft:swim_one_cm":35794,"minecraft:fly_one_cm":1064842,"minecraft:open_chest":539,"minecraft:fall_one_cm":97077},"minecraft:broken":{"minecraft:stone_pickaxe":1,"minecraft:iron_axe":1,"minecraft:iron_pickaxe":1},"minecraft:dropped":{"minecraft:cooked_beef":2,"minecraft:diamond":1,"minecraft:brown_banner":1,"minecraft:flint":4,"minecraft:dirt":28,"minecraft:birch_fence":6,"minecraft:iron_pickaxe":2,"minecraft:white_wool":2,"minecraft:gravel":4,"minecraft:stone_axe":1,"minecraft:compass":1,"minecraft:cherry_sapling":1,"minecraft:rotten_flesh":25,"minecraft:grindstone":1,"minecraft:cooked_mutton":11,"minecraft:azure_bluet":1,"minecraft:gunpowder":2,"minecraft:jungle_log":2,"minecraft:chest":1,"minecraft:arrow":14,"minecraft:netherrack":514,"minecraft:bread":21,"minecraft:wheat_seeds":129,"minecraft:golden_horse_armor":1,"minecraft:iron_helmet":1,"minecraft:cobblestone":2,"minecraft:oxeye_daisy":1,"minecraft:diorite":1,"minecraft:wooden_axe":1,"minecraft:fire_charge":1,"minecraft:iron_leggings":1,"minecraft:white_banner":1,"minecraft:smooth_basalt":3,"minecraft:kelp":1,"minecraft:stone_sword":1,"minecraft:stone_shovel":11,"minecraft:tall_grass":1,"minecraft:iron_boots":1,"minecraft:filled_map":2,"minecraft:shield":1,"minecraft:iron_chestplate":1,"minecraft:diamond_pickaxe":1,"minecraft:golden_leggings":1,"minecraft:oak_sapling":1,"minecraft:bow":7,"minecraft:stone_pickaxe":1,"minecraft:wooden_pickaxe":2},"minecraft:killed_by":{"minecraft:zombie":5,"minecraft:enderman":1},"minecraft:killed":{"minecraft:spider":8,"minecraft:skeleton":14,"minecraft:chicken":5,"minecraft:piglin":1,"minecraft:pig":25,"minecraft:zombie_villager":2,"minecraft:creeper":6,"minecraft:sheep":27,"minecraft:pillager":2,"minecraft:zombie":29,"minecraft:cow":17,"minecraft:drowned":1,"minecraft:enderman":6},"minecraft:picked_up":{"minecraft:wooden_axe":1,"minecraft:wheat":52,"minecraft:brewing_stand":2,"minecraft:amethyst_block":3,"minecraft:string":10,"minecraft:raw_copper":39,"minecraft:gold_nugget":38,"minecraft:cobbled_deepslate":345,"minecraft:spruce_planks":3,"minecraft:white_tulip":5,"minecraft:cobblestone_slab":1,"minecraft:calcite":4,"minecraft:iron_pickaxe":1,"minecraft:furnace":9,"minecraft:stick":47,"minecraft:torch":15,"minecraft:porkchop":47,"minecraft:diorite":16,"minecraft:rotten_flesh":43,"minecraft:red_tulip":5,"minecraft:deepslate_brick_stairs":8,"minecraft:obsidian":52,"minecraft:cobblestone":399,"minecraft:birch_log":33,"minecraft:pink_petals":1,"minecraft:feather":5,"minecraft:lilac":11,"minecraft:andesite":55,"minecraft:jungle_log":6,"minecraft:brown_wool":1,"minecraft:golden_leggings":2,"minecraft:flint":8,"minecraft:tuff":32,"minecraft:lapis_lazuli":65,"minecraft:dirt":1635,"minecraft:bone":14,"minecraft:stonecutter":1,"minecraft:bow":7,"minecraft:orange_tulip":5,"minecraft:wheat_seeds":233,"minecraft:raw_gold":8,"minecraft:grindstone":1,"minecraft:fletching_table":9,"minecraft:bamboo":11,"minecraft:oak_planks":77,"minecraft:cooked_porkchop":2,"minecraft:grass_block":3,"minecraft:lily_of_the_valley":7,"minecraft:barrel":3,"minecraft:dark_oak_log":193,"minecraft:diamond":33,"minecraft:spruce_boat":6,"minecraft:granite":1,"minecraft:golden_horse_armor":1,"minecraft:oak_sapling":48,"minecraft:netherrack":896,"minecraft:crafting_table":7,"minecraft:allium":46,"minecraft:azure_bluet":84,"minecraft:ominous_bottle":1,"minecraft:chicken":5,"minecraft:brown_mushroom":22,"minecraft:stone_stairs":2,"minecraft:compass":1,"minecraft:iron_shovel":1,"minecraft:birch_fence":7,"minecraft:beef":33,"minecraft:light_gray_wool":3,"minecraft:chest":8,"minecraft:sugar_cane":70,"minecraft:birch_sapling":14,"minecraft:egg":6,"minecraft:dark_oak_sapling":5,"minecraft:raw_iron":173,"minecraft:fire_charge":1,"minecraft:arrow":24,"minecraft:peony":22,"minecraft:hay_block":6,"minecraft:pink_tulip":10,"minecraft:mutton":44,"minecraft:white_wool":22,"minecraft:oxeye_daisy":2,"minecraft:stripped_oak_log":79,"minecraft:jungle_boat":9,"minecraft:salmon":1,"minecraft:leather":15,"minecraft:acacia_wood":2,"minecraft:oak_log":256,"minecraft:gunpowder":8,"minecraft:white_banner":1,"minecraft:apple":6,"minecraft:stone_bricks":190,"minecraft:kelp":2,"minecraft:cooked_chicken":2,"minecraft:smooth_basalt":3,"minecraft:quartz":8,"minecraft:gravel":55,"minecraft:amethyst_shard":4,"minecraft:spruce_sapling":13,"minecraft:white_bed":7,"minecraft:spruce_log":70,"minecraft:cherry_sapling":5,"minecraft:gray_wool":2,"minecraft:brown_banner":1,"minecraft:black_wool":1,"minecraft:coal":207,"minecraft:ender_pearl":1},"minecraft:mined":{"minecraft:spruce_planks":3,"minecraft:white_bed":7,"minecraft:jungle_leaves":6,"minecraft:brewing_stand":2,"minecraft:obsidian":52,"minecraft:granite":11,"minecraft:budding_amethyst":1,"minecraft:grass_block":1084,"minecraft:jungle_log":6,"minecraft:oxeye_daisy":2,"minecraft:cobbled_deepslate":2,"minecraft:fire":36,"minecraft:iron_ore":87,"minecraft:barrel":3,"minecraft:deepslate_lapis_ore":7,"minecraft:fletching_table":9,"minecraft:azure_bluet":45,"minecraft:red_tulip":3,"minecraft:pink_tulip":2,"minecraft:deepslate_redstone_ore":1,"minecraft:brown_mushroom":24,"minecraft:medium_amethyst_bud":1,"minecraft:amethyst_cluster":1,"minecraft:torch":3,"minecraft:calcite":4,"minecraft:poppy":1,"minecraft:chest":10,"minecraft:nether_quartz_ore":8,"minecraft:cobblestone":10,"minecraft:oak_planks":77,"minecraft:sugar_cane":33,"minecraft:grindstone":1,"minecraft:wall_torch":8,"minecraft:amethyst_block":3,"minecraft:pink_petals":2,"minecraft:stone_stairs":2,"minecraft:birch_log":33,"minecraft:wheat":47,"minecraft:lilac":5,"minecraft:brown_wall_banner":2,"minecraft:orange_tulip":2,"minecraft:oak_log":251,"minecraft:sand":86,"minecraft:dirt":535,"minecraft:smooth_basalt":4,"minecraft:stonecutter":1,"minecraft:netherrack":899,"minecraft:oak_leaves":104,"minecraft:deepslate":516,"minecraft:nether_gold_ore":10,"minecraft:tuff":34,"minecraft:dark_oak_leaves":20,"minecraft:deepslate_diamond_ore":31,"minecraft:cherry_sapling":4,"minecraft:dark_oak_log":225,"minecraft:allium":11,"minecraft:spruce_leaves":19,"minecraft:kelp":1,"minecraft:sandstone":9,"minecraft:hay_block":6,"minecraft:furnace":9,"minecraft:andesite":55,"minecraft:peony":18,"minecraft:deepslate_iron_ore":86,"minecraft:cobblestone_slab":1,"minecraft:vine":1,"minecraft:stripped_oak_log":79,"minecraft:bamboo":1,"minecraft:stone":523,"minecraft:white_tulip":6,"minecraft:lily_of_the_valley":9,"minecraft:crafting_table":7,"minecraft:short_grass":80,"minecraft:tall_grass":2,"minecraft:copper_ore":9,"minecraft:lapis_ore":2,"minecraft:deepslate_gold_ore":8,"minecraft:diorite":20,"minecraft:spruce_log":72,"minecraft:birch_leaves":7,"minecraft:coal_ore":172,"minecraft:gravel":57,"minecraft:stone_bricks":192,"minecraft:birch_fence":4}},"DataVersion":3955}