{"stats":{"minecraft:used":{"minecraft:cooked_mutton":21,"minecraft:enchanting_table":1,"minecraft:stone_pickaxe":118,"minecraft:chest":3,"minecraft:shield":1,"minecraft:wooden_pickaxe":12,"minecraft:iron_sword":113,"minecraft:diamond_axe":11,"minecraft:torch":136,"minecraft:crafting_table":11,"minecraft:white_bed":2,"minecraft:tuff":9,"minecraft:diamond_pickaxe":126,"minecraft:iron_pickaxe":100,"minecraft:stone_axe":80,"minecraft:cobblestone":25,"minecraft:oak_sapling":7,"minecraft:furnace":8,"minecraft:andesite":8,"minecraft:yellow_bed":1,"minecraft:cooked_beef":4,"minecraft:cobbled_deepslate":75},"minecraft:picked_up":{"minecraft:iron_chestplate":1,"minecraft:crafting_table":8,"minecraft:andesite":11,"minecraft:leather":3,"minecraft:oak_stairs":1,"minecraft:oak_log":6,"minecraft:tuff":10,"minecraft:yellow_bed":1,"minecraft:shield":1,"minecraft:dirt":25,"minecraft:string":2,"minecraft:iron_leggings":1,"minecraft:bone":3,"minecraft:acacia_planks":35,"minecraft:wheat_seeds":3,"minecraft:cobbled_deepslate":83,"minecraft:raw_gold":7,"minecraft:iron_ingot":1,"minecraft:beef":4,"minecraft:iron_pickaxe":2,"minecraft:iron_sword":1,"minecraft:egg":1,"minecraft:furnace":6,"minecraft:raw_iron":45,"minecraft:dandelion":2,"minecraft:acacia_log":27,"minecraft:gravel":2,"minecraft:porkchop":6,"minecraft:white_bed":1,"minecraft:carrot":1,"minecraft:redstone":5,"minecraft:arrow":3,"minecraft:rotten_flesh":13,"minecraft:slime_ball":1,"minecraft:diamond":62,"minecraft:stone_axe":1,"minecraft:granite":1,"minecraft:black_wool":1,"minecraft:coal":149,"minecraft:mutton":36,"minecraft:white_wool":18,"minecraft:cobblestone":83},"minecraft:killed":{"minecraft:pig":2,"minecraft:spider":2,"minecraft:sheep":19,"minecraft:skeleton":8,"minecraft:donkey":1,"minecraft:zombie":18,"minecraft:cow":2},"minecraft:custom":{"minecraft:interact_with_furnace":68,"minecraft:mob_kills":54,"minecraft:interact_with_crafting_table":27,"minecraft:time_since_death":83621,"minecraft:sleep_in_bed":3,"minecraft:climb_one_cm":956,"minecraft:time_since_rest":2915,"minecraft:sprint_one_cm":314120,"minecraft:damage_taken":1588,"minecraft:walk_one_cm":258407,"minecraft:damage_blocked_by_shield":40,"minecraft:drop":21,"minecraft:damage_dealt":7982,"minecraft:swim_one_cm":9412,"minecraft:fly_one_cm":189710,"minecraft:open_chest":20,"minecraft:crouch_one_cm":14125,"minecraft:play_time":83621,"minecraft:sneak_time":5834,"minecraft:walk_under_water_one_cm":20633,"minecraft:jump":1362,"minecraft:walk_on_water_one_cm":33766,"minecraft:total_world_time":83621,"minecraft:fall_one_cm":21413},"minecraft:dropped":{"minecraft:iron_sword":2,"minecraft:stone_axe":2,"minecraft:iron_helmet":1,"minecraft:iron_boots":1,"minecraft:cooked_mutton":9,"minecraft:shield":2,"minecraft:iron_chestplate":2,"minecraft:iron_leggings":2,"minecraft:stone_pickaxe":2,"minecraft:wooden_pickaxe":1,"minecraft:iron_pickaxe":4,"minecraft:dandelion":1},"minecraft:mined":{"minecraft:tuff":8,"minecraft:acacia_leaves":3,"minecraft:white_bed":1,"minecraft:deepslate_diamond_ore":63,"minecraft:jungle_leaves":2,"minecraft:dandelion":1,"minecraft:crafting_table":8,"minecraft:granite":1,"minecraft:short_grass":30,"minecraft:acacia_log":27,"minecraft:grass_block":3,"minecraft:tall_grass":4,"minecraft:deepslate_gold_ore":5,"minecraft:diorite":2,"minecraft:wall_torch":1,"minecraft:furnace":6,"minecraft:iron_ore":35,"minecraft:cobbled_deepslate":14,"minecraft:andesite":11,"minecraft:yellow_bed":1,"minecraft:vine":1,"minecraft:oak_log":6,"minecraft:coal_ore":42,"minecraft:oak_stairs":1,"minecraft:deepslate_iron_ore":1,"minecraft:dirt":6,"minecraft:gravel":1,"minecraft:stone":81,"minecraft:oak_leaves":1,"minecraft:deepslate":75},"minecraft:crafted":{"minecraft:cooked_beef":4,"minecraft:diamond_sword":1,"minecraft:cooked_porkchop":6,"minecraft:diamond_axe":1,"minecraft:enchanting_table":1,"minecraft:crafting_table":3,"minecraft:wooden_pickaxe":1,"minecraft:iron_helmet":1,"minecraft:iron_sword":2,"minecraft:furnace":2,"minecraft:stone_axe":1,"minecraft:cooked_mutton":33,"minecraft:air":0,"minecraft:diamond_helmet":1,"minecraft:diamond_leggings":1,"minecraft:iron_boots":1,"minecraft:iron_chestplate":1,"minecraft:diamond_pickaxe":1,"minecraft:shield":2,"minecraft:stick":56,"minecraft:iron_ingot":37,"minecraft:iron_pickaxe":2,"minecraft:stone_pickaxe":2,"minecraft:chest":3,"minecraft:diamond_boots":1,"minecraft:iron_leggings":1,"minecraft:white_bed":2,"minecraft:acacia_planks":108,"minecraft:torch":140,"minecraft:diamond_chestplate":1}},"DataVersion":3955}