{"stats":{"minecraft:used":{"minecraft:enchanting_table":2,"minecraft:flint_and_steel":1,"minecraft:armor_stand":2,"minecraft:chest":13,"minecraft:shield":5,"minecraft:iron_sword":113,"minecraft:torch":211,"minecraft:dirt":2095,"minecraft:tuff":16,"minecraft:obsidian":10,"minecraft:bookshelf":8,"minecraft:furnace":11,"minecraft:oak_sapling":7,"minecraft:cooked_beef":6,"minecraft:cobbled_deepslate":75,"minecraft:cooked_mutton":45,"minecraft:acacia_boat":4,"minecraft:water_bucket":55,"minecraft:stone_pickaxe":118,"minecraft:wooden_pickaxe":12,"minecraft:stonecutter":1,"minecraft:diamond_axe":252,"minecraft:sugar_cane":26,"minecraft:crafting_table":16,"minecraft:white_bed":4,"minecraft:dark_oak_fence_gate":1,"minecraft:spruce_log":3,"minecraft:diamond_pickaxe":454,"minecraft:diamond_shovel":2170,"minecraft:iron_pickaxe":100,"minecraft:gravel":5,"minecraft:stone_axe":80,"minecraft:diamond_sword":371,"minecraft:cobblestone":44,"minecraft:cooked_porkchop":16,"minecraft:dark_oak_fence":18,"minecraft:andesite":8,"minecraft:bucket":56,"minecraft:yellow_bed":1},"minecraft:picked_up":{"minecraft:crafting_table":9,"minecraft:iron_chestplate":1,"minecraft:wheat":2,"minecraft:chicken":5,"minecraft:oak_stairs":1,"minecraft:shield":1,"minecraft:cornflower":2,"minecraft:string":5,"minecraft:iron_leggings":1,"minecraft:cobbled_deepslate":173,"minecraft:beef":42,"minecraft:iron_pickaxe":2,"minecraft:sugar_cane":102,"minecraft:chest":3,"minecraft:birch_sapling":1,"minecraft:furnace":7,"minecraft:egg":6,"minecraft:dark_oak_sapling":4,"minecraft:stick":4,"minecraft:raw_iron":60,"minecraft:torch":8,"minecraft:acacia_log":32,"minecraft:porkchop":33,"minecraft:diorite":1,"minecraft:carrot":3,"minecraft:redstone":5,"minecraft:rotten_flesh":36,"minecraft:arrow":17,"minecraft:hay_block":16,"minecraft:mutton":83,"minecraft:white_wool":36,"minecraft:cobblestone":118,"minecraft:oxeye_daisy":1,"minecraft:enchanting_table":1,"minecraft:birch_log":23,"minecraft:feather":3,"minecraft:glow_ink_sac":1,"minecraft:andesite":28,"minecraft:brown_wool":1,"minecraft:leather":39,"minecraft:flint":1,"minecraft:tuff":29,"minecraft:oak_log":26,"minecraft:lily_pad":8,"minecraft:yellow_bed":1,"minecraft:gunpowder":2,"minecraft:acacia_boat":3,"minecraft:dirt":2139,"minecraft:bone":18,"minecraft:acacia_planks":35,"minecraft:apple":1,"minecraft:bow":1,"minecraft:wheat_seeds":133,"minecraft:raw_gold":13,"minecraft:iron_ingot":1,"minecraft:iron_sword":1,"minecraft:dandelion":8,"minecraft:gravel":6,"minecraft:spruce_sapling":2,"minecraft:spruce_log":17,"minecraft:white_bed":1,"minecraft:grass_block":1,"minecraft:dark_oak_log":128,"minecraft:spider_eye":1,"minecraft:slime_ball":3,"minecraft:diamond":108,"minecraft:stone_axe":1,"minecraft:granite":1,"minecraft:gray_wool":2,"minecraft:dark_oak_fence":1,"minecraft:netherrack":16,"minecraft:black_wool":3,"minecraft:coal":199,"minecraft:ender_pearl":2},"minecraft:killed":{"minecraft:spider":8,"minecraft:slime":5,"minecraft:skeleton":22,"minecraft:chicken":5,"minecraft:piglin":2,"minecraft:pig":16,"minecraft:creeper":2,"minecraft:sheep":42,"minecraft:zombie":51,"minecraft:donkey":1,"minecraft:enderman":3,"minecraft:cow":22},"minecraft:custom":{"minecraft:mob_kills":186,"minecraft:animals_bred":1,"minecraft:interact_with_crafting_table":55,"minecraft:bell_ring":1,"minecraft:time_since_death":275621,"minecraft:climb_one_cm":1631,"minecraft:sprint_one_cm":1273509,"minecraft:walk_one_cm":967626,"minecraft:damage_blocked_by_shield":150,"minecraft:drop":43,"minecraft:talked_to_villager":1,"minecraft:play_time":275621,"minecraft:sneak_time":17011,"minecraft:walk_under_water_one_cm":36563,"minecraft:boat_one_cm":139751,"minecraft:jump":4407,"minecraft:walk_on_water_one_cm":72409,"minecraft:total_world_time":275621,"minecraft:interact_with_furnace":118,"minecraft:interact_with_stonecutter":3,"minecraft:sleep_in_bed":13,"minecraft:time_since_rest":3043,"minecraft:damage_taken":3224,"minecraft:damage_dealt":26086,"minecraft:swim_one_cm":69929,"minecraft:fly_one_cm":877384,"minecraft:open_chest":117,"minecraft:crouch_one_cm":73136,"minecraft:fall_one_cm":79324,"minecraft:horse_one_cm":2},"minecraft:dropped":{"minecraft:iron_sword":2,"minecraft:wheat_seeds":2,"minecraft:diamond_leggings":1,"minecraft:iron_helmet":1,"minecraft:cobblestone":2,"minecraft:leather":11,"minecraft:acacia_log":2,"minecraft:stick":1,"minecraft:dirt":1,"minecraft:gray_wool":2,"minecraft:brown_wool":1,"minecraft:diamond_helmet":1,"minecraft:iron_leggings":2,"minecraft:iron_pickaxe":4,"minecraft:string":2,"minecraft:dandelion":1,"minecraft:gravel":1,"minecraft:stone_axe":2,"minecraft:rotten_flesh":5,"minecraft:iron_boots":1,"minecraft:cooked_mutton":9,"minecraft:shield":2,"minecraft:diamond_chestplate":1,"minecraft:diamond_pickaxe":1,"minecraft:iron_chestplate":2,"minecraft:diamond_boots":1,"minecraft:bow":1,"minecraft:wooden_pickaxe":1,"minecraft:stone_pickaxe":2,"minecraft:black_wool":2,"minecraft:netherrack":16},"minecraft:crafted":{"minecraft:smooth_stone":1,"minecraft:oak_planks":68,"minecraft:smooth_stone_slab":2,"minecraft:furnace":4,"minecraft:stone":4,"minecraft:diamond_shovel":2,"minecraft:bookshelf":8,"minecraft:cooked_mutton":54,"minecraft:flint_and_steel":1,"minecraft:dark_oak_fence":21,"minecraft:diamond_helmet":2,"minecraft:diamond_leggings":2,"minecraft:iron_boots":1,"minecraft:stone_pickaxe":2,"minecraft:chest":8,"minecraft:diamond_boots":2,"minecraft:dark_oak_planks":148,"minecraft:wheat":144,"minecraft:cooked_beef":35,"minecraft:diamond_sword":1,"minecraft:cooked_porkchop":16,"minecraft:diamond_axe":1,"minecraft:crafting_table":6,"minecraft:enchanting_table":1,"minecraft:iron_helmet":1,"minecraft:wooden_pickaxe":1,"minecraft:iron_sword":2,"minecraft:bucket":1,"minecraft:stone_axe":1,"minecraft:acacia_boat":1,"minecraft:air":0,"minecraft:book":24,"minecraft:iron_chestplate":1,"minecraft:paper":72,"minecraft:diamond_pickaxe":2,"minecraft:shield":2,"minecraft:stick":140,"minecraft:iron_ingot":55,"minecraft:iron_pickaxe":2,"minecraft:iron_leggings":1,"minecraft:armor_stand":2,"minecraft:stonecutter":1,"minecraft:white_bed":3,"minecraft:dark_oak_fence_gate":1,"minecraft:acacia_planks":120,"minecraft:torch":208,"minecraft:diamond_chestplate":2},"minecraft:mined":{"minecraft:diamond_ore":1,"minecraft:tuff":26,"minecraft:white_bed":1,"minecraft:dark_oak_leaves":5,"minecraft:deepslate_diamond_ore":111,"minecraft:dark_oak_log":129,"minecraft:jungle_leaves":2,"minecraft:dark_oak_fence":1,"minecraft:granite":1,"minecraft:acacia_log":32,"minecraft:grass_block":1926,"minecraft:spruce_leaves":9,"minecraft:hay_block":16,"minecraft:furnace":7,"minecraft:carrots":2,"minecraft:iron_ore":45,"minecraft:cobbled_deepslate":14,"minecraft:andesite":31,"minecraft:enchanting_table":1,"minecraft:azure_bluet":1,"minecraft:pointed_dripstone":1,"minecraft:deepslate_iron_ore":7,"minecraft:vine":1,"minecraft:dirt_path":1,"minecraft:oak_stairs":1,"minecraft:stone":128,"minecraft:acacia_leaves":3,"minecraft:dandelion":5,"minecraft:crafting_table":9,"minecraft:torch":1,"minecraft:short_grass":442,"minecraft:chest":3,"minecraft:tall_grass":32,"minecraft:cobblestone":7,"minecraft:deepslate_coal_ore":3,"minecraft:deepslate_gold_ore":6,"minecraft:lily_pad":1,"minecraft:sugar_cane":48,"minecraft:diorite":10,"minecraft:wall_torch":2,"minecraft:seagrass":1,"minecraft:birch_log":23,"minecraft:wheat":2,"minecraft:spruce_log":18,"minecraft:birch_leaves":4,"minecraft:yellow_bed":1,"minecraft:coal_ore":71,"minecraft:oak_log":26,"minecraft:gravel":6,"minecraft:dirt":178,"minecraft:netherrack":8,"minecraft:gold_ore":5,"minecraft:oak_leaves":4,"minecraft:deepslate":177}},"DataVersion":3955}