{"stats":{"minecraft:mined":{"minecraft:nether_gold_ore":59,"minecraft:diamond_ore":1,"minecraft:tuff":26,"minecraft:white_bed":9,"minecraft:mossy_cobblestone":1,"minecraft:dark_oak_leaves":5,"minecraft:deepslate_diamond_ore":111,"minecraft:jungle_leaves":20,"minecraft:dark_oak_log":129,"minecraft:brewing_stand":1,"minecraft:obsidian":14,"minecraft:dark_oak_fence":1,"minecraft:granite":1,"minecraft:acacia_log":32,"minecraft:grass_block":1927,"minecraft:jungle_log":275,"minecraft:soul_soil":1,"minecraft:spruce_leaves":9,"minecraft:crimson_stem":6,"minecraft:hay_block":16,"minecraft:magma_block":3,"minecraft:glowstone":16,"minecraft:furnace":10,"minecraft:carrots":2,"minecraft:fire":7,"minecraft:iron_ore":45,"minecraft:cobbled_deepslate":14,"minecraft:andesite":31,"minecraft:fletching_table":1,"minecraft:enchanting_table":1,"minecraft:azure_bluet":1,"minecraft:bookshelf":1,"minecraft:pointed_dripstone":1,"minecraft:shroomlight":4,"minecraft:dirt_path":1,"minecraft:deepslate_iron_ore":7,"minecraft:vine":26,"minecraft:oak_stairs":1,"minecraft:stone":132,"minecraft:acacia_leaves":3,"minecraft:blackstone":15,"minecraft:soul_sand":4,"minecraft:crimson_nylium":1,"minecraft:soul_fire":1,"minecraft:basalt":61,"minecraft:dandelion":5,"minecraft:crafting_table":11,"minecraft:torch":1,"minecraft:short_grass":530,"minecraft:blast_furnace":5,"minecraft:chest":5,"minecraft:nether_quartz_ore":118,"minecraft:lectern":12,"minecraft:tall_grass":36,"minecraft:cobblestone":9,"minecraft:deepslate_coal_ore":3,"minecraft:deepslate_gold_ore":6,"minecraft:lily_pad":1,"minecraft:grindstone":1,"minecraft:sugar_cane":107,"minecraft:diorite":10,"minecraft:wall_torch":2,"minecraft:seagrass":1,"minecraft:nether_wart_block":1,"minecraft:birch_log":23,"minecraft:wheat":2,"minecraft:spruce_log":18,"minecraft:birch_leaves":4,"minecraft:yellow_bed":5,"minecraft:oak_log":26,"minecraft:coal_ore":71,"minecraft:gravel":26,"minecraft:dirt":195,"minecraft:stonecutter":1,"minecraft:gold_ore":5,"minecraft:netherrack":1975,"minecraft:deepslate":177,"minecraft:oak_leaves":9,"minecraft:fern":1},"minecraft:custom":{"minecraft:interact_with_anvil":1,"minecraft:mob_kills":285,"minecraft:animals_bred":3,"minecraft:interact_with_crafting_table":69,"minecraft:bell_ring":1,"minecraft:leave_game":2,"minecraft:time_since_death":427726,"minecraft:climb_one_cm":4336,"minecraft:sprint_one_cm":1876085,"minecraft:walk_one_cm":1435330,"minecraft:damage_blocked_by_shield":230,"minecraft:drop":92,"minecraft:talked_to_villager":32,"minecraft:play_time":427726,"minecraft:sneak_time":31416,"minecraft:walk_under_water_one_cm":37823,"minecraft:boat_one_cm":139751,"minecraft:jump":7223,"minecraft:walk_on_water_one_cm":97391,"minecraft:enchant_item":2,"minecraft:total_world_time":427726,"minecraft:interact_with_furnace":142,"minecraft:traded_with_villager":31,"minecraft:interact_with_grindstone":1,"minecraft:interact_with_stonecutter":3,"minecraft:sleep_in_bed":18,"minecraft:time_since_rest":91139,"minecraft:damage_taken":5909,"minecraft:damage_dealt":38897,"minecraft:swim_one_cm":97962,"minecraft:fly_one_cm":1414369,"minecraft:open_chest":269,"minecraft:crouch_one_cm":133046,"minecraft:fall_one_cm":143880,"minecraft:horse_one_cm":2},"minecraft:used":{"minecraft:enchanting_table":2,"minecraft:flint_and_steel":2,"minecraft:armor_stand":2,"minecraft:chest":15,"minecraft:shield":7,"minecraft:iron_sword":113,"minecraft:netherrack":527,"minecraft:torch":211,"minecraft:dirt":2122,"minecraft:anvil":1,"minecraft:tuff":16,"minecraft:obsidian":20,"minecraft:jungle_sapling":11,"minecraft:bookshelf":16,"minecraft:jungle_log":23,"minecraft:soul_soil":1,"minecraft:oak_sapling":7,"minecraft:furnace":11,"minecraft:cooked_beef":46,"minecraft:cobbled_deepslate":75,"minecraft:cooked_mutton":45,"minecraft:acacia_boat":4,"minecraft:water_bucket":55,"minecraft:stone_pickaxe":118,"minecraft:ender_pearl":1,"minecraft:wooden_pickaxe":12,"minecraft:stonecutter":1,"minecraft:sugar_cane":26,"minecraft:diamond_axe":599,"minecraft:fletching_table":2,"minecraft:blast_furnace":5,"minecraft:crafting_table":18,"minecraft:white_bed":18,"minecraft:dark_oak_fence_gate":1,"minecraft:spruce_log":3,"minecraft:diamond_pickaxe":2735,"minecraft:diamond_shovel":2206,"minecraft:iron_pickaxe":100,"minecraft:lectern":13,"minecraft:gravel":25,"minecraft:stone_axe":80,"minecraft:diamond_sword":628,"minecraft:cobblestone":174,"minecraft:grindstone":1,"minecraft:dark_oak_fence":18,"minecraft:cooked_porkchop":16,"minecraft:andesite":8,"minecraft:bucket":56,"minecraft:yellow_bed":5,"minecraft:bone_meal":4},"minecraft:dropped":{"minecraft:iron_sword":2,"minecraft:wheat_seeds":10,"minecraft:diamond_leggings":1,"minecraft:iron_helmet":3,"minecraft:cobblestone":2,"minecraft:lead":1,"minecraft:leather":11,"minecraft:acacia_log":2,"minecraft:stick":3,"minecraft:dirt":1,"minecraft:gray_wool":2,"minecraft:brown_wool":1,"minecraft:diamond_helmet":1,"minecraft:iron_leggings":2,"minecraft:iron_pickaxe":4,"minecraft:string":2,"minecraft:dandelion":1,"minecraft:gold_ingot":42,"minecraft:gravel":1,"minecraft:stone_axe":2,"minecraft:rotten_flesh":6,"minecraft:iron_boots":1,"minecraft:cooked_mutton":9,"minecraft:shield":2,"minecraft:diamond_chestplate":1,"minecraft:diamond_pickaxe":1,"minecraft:iron_chestplate":2,"minecraft:diamond_boots":1,"minecraft:bow":1,"minecraft:stone_pickaxe":2,"minecraft:wooden_pickaxe":1,"minecraft:netherrack":16,"minecraft:black_wool":2},"minecraft:picked_up":{"minecraft:iron_chestplate":1,"minecraft:crafting_table":10,"minecraft:wheat":2,"minecraft:azure_bluet":1,"minecraft:chicken":5,"minecraft:oak_stairs":1,"minecraft:potion":1,"minecraft:nether_brick":2,"minecraft:brewing_stand":1,"minecraft:shield":1,"minecraft:cornflower":2,"minecraft:string":11,"minecraft:soul_soil":1,"minecraft:iron_leggings":1,"minecraft:blackstone":35,"minecraft:shroomlight":3,"minecraft:gold_nugget":565,"minecraft:cobbled_deepslate":173,"minecraft:beef":109,"minecraft:iron_nugget":85,"minecraft:jungle_sapling":11,"minecraft:poppy":1,"minecraft:iron_pickaxe":2,"minecraft:lectern":12,"minecraft:iron_boots":1,"minecraft:sugar_cane":213,"minecraft:chest":5,"minecraft:birch_sapling":1,"minecraft:furnace":10,"minecraft:egg":14,"minecraft:dark_oak_sapling":4,"minecraft:stick":16,"minecraft:raw_iron":85,"minecraft:torch":8,"minecraft:acacia_log":32,"minecraft:fire_charge":2,"minecraft:porkchop":33,"minecraft:diorite":1,"minecraft:carrot":4,"minecraft:redstone":5,"minecraft:golden_chestplate":1,"minecraft:arrow":23,"minecraft:rotten_flesh":51,"minecraft:hay_block":16,"minecraft:gold_ingot":6,"minecraft:obsidian":17,"minecraft:mutton":85,"minecraft:white_wool":36,"minecraft:cobblestone":120,"minecraft:oxeye_daisy":1,"minecraft:birch_log":23,"minecraft:enchanting_table":1,"minecraft:magma_block":1,"minecraft:feather":3,"minecraft:basalt":61,"minecraft:crimson_stem":5,"minecraft:glow_ink_sac":1,"minecraft:andesite":28,"minecraft:jungle_log":275,"minecraft:brown_wool":1,"minecraft:leather":64,"minecraft:potato":1,"minecraft:birch_planks":28,"minecraft:flint":3,"minecraft:tuff":29,"minecraft:oak_log":26,"minecraft:lily_pad":8,"minecraft:nether_wart_block":1,"minecraft:yellow_bed":5,"minecraft:gunpowder":3,"minecraft:acacia_boat":3,"minecraft:dirt":2157,"minecraft:bone":26,"minecraft:acacia_planks":35,"minecraft:apple":1,"minecraft:stonecutter":1,"minecraft:bow":2,"minecraft:wheat_seeds":141,"minecraft:raw_gold":13,"minecraft:iron_ingot":1,"minecraft:grindstone":1,"minecraft:fletching_table":1,"minecraft:glowstone_dust":61,"minecraft:soul_sand":6,"minecraft:iron_sword":1,"minecraft:book":3,"minecraft:quartz":257,"minecraft:dandelion":12,"minecraft:gravel":71,"minecraft:spruce_sapling":2,"minecraft:blast_furnace":5,"minecraft:grass_block":1,"minecraft:white_bed":8,"minecraft:spruce_log":17,"minecraft:spectral_arrow":24,"minecraft:crying_obsidian":9,"minecraft:dark_oak_log":128,"minecraft:spider_eye":2,"minecraft:mossy_cobblestone":1,"minecraft:slime_ball":22,"minecraft:diamond":108,"minecraft:stone_axe":1,"minecraft:iron_helmet":1,"minecraft:granite":1,"minecraft:gray_wool":2,"minecraft:netherrack":1694,"minecraft:black_wool":3,"minecraft:dark_oak_fence":1,"minecraft:coal":200,"minecraft:ender_pearl":11},"minecraft:crafted":{"minecraft:smooth_stone":1,"minecraft:oak_planks":68,"minecraft:smooth_stone_slab":2,"minecraft:furnace":4,"minecraft:stone":4,"minecraft:bone_meal":12,"minecraft:diamond_shovel":2,"minecraft:bookshelf":17,"minecraft:cooked_mutton":54,"minecraft:flint_and_steel":1,"minecraft:dark_oak_fence":21,"minecraft:diamond_helmet":2,"minecraft:diamond_leggings":2,"minecraft:iron_boots":1,"minecraft:stone_pickaxe":2,"minecraft:chest":8,"minecraft:diamond_boots":2,"minecraft:dark_oak_planks":148,"minecraft:golden_helmet":1,"minecraft:wheat":144,"minecraft:cooked_beef":51,"minecraft:crimson_planks":4,"minecraft:diamond_sword":1,"minecraft:emerald":29,"minecraft:cooked_porkchop":33,"minecraft:diamond_axe":1,"minecraft:crafting_table":8,"minecraft:enchanting_table":1,"minecraft:wooden_pickaxe":1,"minecraft:iron_helmet":3,"minecraft:iron_sword":2,"minecraft:fletching_table":1,"minecraft:bucket":1,"minecraft:birch_planks":52,"minecraft:glowstone":15,"minecraft:stone_axe":1,"minecraft:acacia_boat":1,"minecraft:air":0,"minecraft:jungle_planks":452,"minecraft:lectern":1,"minecraft:dark_oak_slab":6,"minecraft:iron_chestplate":1,"minecraft:book":50,"minecraft:paper":156,"minecraft:diamond_pickaxe":3,"minecraft:shield":2,"minecraft:stick":1020,"minecraft:iron_ingot":114,"minecraft:iron_pickaxe":2,"minecraft:iron_block":8,"minecraft:gold_ingot":59,"minecraft:iron_leggings":1,"minecraft:stonecutter":1,"minecraft:armor_stand":2,"minecraft:anvil":1,"minecraft:white_bed":10,"minecraft:acacia_planks":120,"minecraft:dark_oak_fence_gate":1,"minecraft:torch":208,"minecraft:diamond_chestplate":2},"minecraft:killed":{"minecraft:spider":10,"minecraft:slime":35,"minecraft:skeleton":30,"minecraft:horse":5,"minecraft:chicken":5,"minecraft:piglin":8,"minecraft:pig":16,"minecraft:hoglin":1,"minecraft:creeper":3,"minecraft:sheep":42,"minecraft:zombie":62,"minecraft:donkey":1,"minecraft:enderman":10,"minecraft:cow":42}},"DataVersion":3955}