{"stats":{"minecraft:used":{"minecraft:enchanting_table":1,"minecraft:armor_stand":2,"minecraft:chest":5,"minecraft:shield":5,"minecraft:iron_sword":113,"minecraft:torch":208,"minecraft:dirt":1446,"minecraft:tuff":16,"minecraft:furnace":9,"minecraft:oak_sapling":7,"minecraft:cooked_beef":5,"minecraft:cobbled_deepslate":75,"minecraft:cooked_mutton":36,"minecraft:water_bucket":29,"minecraft:stone_pickaxe":118,"minecraft:wooden_pickaxe":12,"minecraft:stonecutter":1,"minecraft:diamond_axe":37,"minecraft:sugar_cane":2,"minecraft:crafting_table":12,"minecraft:white_bed":3,"minecraft:diamond_pickaxe":410,"minecraft:diamond_shovel":1450,"minecraft:iron_pickaxe":100,"minecraft:gravel":5,"minecraft:stone_axe":80,"minecraft:diamond_sword":240,"minecraft:cobblestone":43,"minecraft:cooked_porkchop":10,"minecraft:andesite":8,"minecraft:bucket":30,"minecraft:yellow_bed":1},"minecraft:picked_up":{"minecraft:crafting_table":8,"minecraft:iron_chestplate":1,"minecraft:chicken":5,"minecraft:oak_stairs":1,"minecraft:shield":1,"minecraft:string":5,"minecraft:iron_leggings":1,"minecraft:cobbled_deepslate":173,"minecraft:beef":4,"minecraft:iron_pickaxe":2,"minecraft:sugar_cane":2,"minecraft:furnace":6,"minecraft:egg":4,"minecraft:raw_iron":60,"minecraft:torch":5,"minecraft:acacia_log":27,"minecraft:porkchop":16,"minecraft:diorite":1,"minecraft:carrot":1,"minecraft:redstone":5,"minecraft:rotten_flesh":30,"minecraft:arrow":16,"minecraft:mutton":49,"minecraft:white_wool":25,"minecraft:cobblestone":107,"minecraft:feather":3,"minecraft:glow_ink_sac":1,"minecraft:andesite":28,"minecraft:leather":3,"minecraft:flint":1,"minecraft:tuff":29,"minecraft:oak_log":26,"minecraft:yellow_bed":1,"minecraft:gunpowder":2,"minecraft:dirt":1462,"minecraft:bone":18,"minecraft:acacia_planks":35,"minecraft:bow":1,"minecraft:wheat_seeds":70,"minecraft:raw_gold":13,"minecraft:iron_ingot":1,"minecraft:iron_sword":1,"minecraft:dandelion":6,"minecraft:gravel":6,"minecraft:white_bed":1,"minecraft:grass_block":1,"minecraft:spider_eye":1,"minecraft:slime_ball":3,"minecraft:diamond":108,"minecraft:stone_axe":1,"minecraft:granite":1,"minecraft:black_wool":1,"minecraft:coal":166,"minecraft:ender_pearl":2},"minecraft:killed":{"minecraft:spider":8,"minecraft:slime":5,"minecraft:skeleton":21,"minecraft:chicken":5,"minecraft:pig":6,"minecraft:creeper":1,"minecraft:sheep":26,"minecraft:zombie":46,"minecraft:donkey":1,"minecraft:enderman":3,"minecraft:cow":2},"minecraft:custom":{"minecraft:mob_kills":129,"minecraft:interact_with_crafting_table":37,"minecraft:bell_ring":1,"minecraft:time_since_death":191621,"minecraft:climb_one_cm":1096,"minecraft:sprint_one_cm":777792,"minecraft:walk_one_cm":664441,"minecraft:damage_blocked_by_shield":150,"minecraft:drop":32,"minecraft:play_time":191621,"minecraft:sneak_time":15014,"minecraft:walk_under_water_one_cm":35062,"minecraft:jump":3004,"minecraft:walk_on_water_one_cm":58890,"minecraft:total_world_time":191621,"minecraft:interact_with_furnace":107,"minecraft:interact_with_stonecutter":3,"minecraft:sleep_in_bed":7,"minecraft:time_since_rest":37516,"minecraft:damage_taken":2811,"minecraft:damage_dealt":20089,"minecraft:swim_one_cm":33658,"minecraft:fly_one_cm":521619,"minecraft:open_chest":76,"minecraft:crouch_one_cm":64612,"minecraft:fall_one_cm":54681,"minecraft:horse_one_cm":2},"minecraft:dropped":{"minecraft:iron_sword":2,"minecraft:diamond_leggings":1,"minecraft:iron_helmet":1,"minecraft:stick":1,"minecraft:diamond_helmet":1,"minecraft:iron_leggings":2,"minecraft:iron_pickaxe":4,"minecraft:string":2,"minecraft:dandelion":1,"minecraft:gravel":1,"minecraft:stone_axe":2,"minecraft:rotten_flesh":2,"minecraft:iron_boots":1,"minecraft:cooked_mutton":9,"minecraft:shield":2,"minecraft:diamond_chestplate":1,"minecraft:diamond_pickaxe":1,"minecraft:iron_chestplate":2,"minecraft:diamond_boots":1,"minecraft:bow":1,"minecraft:wooden_pickaxe":1,"minecraft:stone_pickaxe":2},"minecraft:crafted":{"minecraft:smooth_stone":1,"minecraft:oak_planks":28,"minecraft:smooth_stone_slab":2,"minecraft:furnace":3,"minecraft:stone":4,"minecraft:diamond_shovel":1,"minecraft:cooked_mutton":46,"minecraft:flint_and_steel":1,"minecraft:diamond_helmet":2,"minecraft:diamond_leggings":2,"minecraft:iron_boots":1,"minecraft:stone_pickaxe":2,"minecraft:chest":3,"minecraft:diamond_boots":2,"minecraft:cooked_beef":5,"minecraft:diamond_sword":1,"minecraft:cooked_porkchop":16,"minecraft:diamond_axe":1,"minecraft:crafting_table":4,"minecraft:enchanting_table":1,"minecraft:iron_helmet":1,"minecraft:wooden_pickaxe":1,"minecraft:iron_sword":2,"minecraft:bucket":1,"minecraft:stone_axe":1,"minecraft:air":0,"minecraft:iron_chestplate":1,"minecraft:diamond_pickaxe":2,"minecraft:shield":2,"minecraft:stick":88,"minecraft:iron_ingot":55,"minecraft:iron_pickaxe":2,"minecraft:iron_leggings":1,"minecraft:armor_stand":2,"minecraft:stonecutter":1,"minecraft:white_bed":2,"minecraft:acacia_planks":108,"minecraft:torch":208,"minecraft:diamond_chestplate":2},"minecraft:mined":{"minecraft:diamond_ore":1,"minecraft:tuff":26,"minecraft:white_bed":1,"minecraft:deepslate_diamond_ore":111,"minecraft:jungle_leaves":2,"minecraft:granite":1,"minecraft:acacia_log":27,"minecraft:grass_block":1286,"minecraft:furnace":6,"minecraft:iron_ore":45,"minecraft:cobbled_deepslate":14,"minecraft:andesite":31,"minecraft:azure_bluet":1,"minecraft:pointed_dripstone":1,"minecraft:deepslate_iron_ore":7,"minecraft:vine":1,"minecraft:dirt_path":1,"minecraft:oak_stairs":1,"minecraft:stone":117,"minecraft:acacia_leaves":3,"minecraft:dandelion":5,"minecraft:crafting_table":8,"minecraft:torch":1,"minecraft:short_grass":169,"minecraft:tall_grass":17,"minecraft:cobblestone":7,"minecraft:deepslate_coal_ore":3,"minecraft:deepslate_gold_ore":6,"minecraft:sugar_cane":2,"minecraft:diorite":10,"minecraft:wall_torch":2,"minecraft:yellow_bed":1,"minecraft:coal_ore":54,"minecraft:oak_log":26,"minecraft:gravel":6,"minecraft:dirt":138,"minecraft:gold_ore":5,"minecraft:oak_leaves":4,"minecraft:deepslate":177}},"DataVersion":3955}