{"stats":{"minecraft:used":{"minecraft:enchanting_table":1,"minecraft:chest":5,"minecraft:shield":4,"minecraft:iron_sword":113,"minecraft:torch":187,"minecraft:dirt":2,"minecraft:tuff":9,"minecraft:furnace":8,"minecraft:oak_sapling":7,"minecraft:cooked_beef":5,"minecraft:cobbled_deepslate":75,"minecraft:cooked_mutton":21,"minecraft:water_bucket":3,"minecraft:stone_pickaxe":118,"minecraft:wooden_pickaxe":12,"minecraft:diamond_axe":36,"minecraft:sugar_cane":2,"minecraft:crafting_table":11,"minecraft:white_bed":3,"minecraft:diamond_pickaxe":248,"minecraft:iron_pickaxe":100,"minecraft:stone_axe":80,"minecraft:diamond_sword":115,"minecraft:cobblestone":34,"minecraft:cooked_porkchop":9,"minecraft:andesite":8,"minecraft:bucket":4,"minecraft:yellow_bed":1},"minecraft:picked_up":{"minecraft:crafting_table":8,"minecraft:iron_chestplate":1,"minecraft:chicken":5,"minecraft:oak_stairs":1,"minecraft:shield":1,"minecraft:string":4,"minecraft:iron_leggings":1,"minecraft:cobbled_deepslate":120,"minecraft:beef":4,"minecraft:iron_pickaxe":2,"minecraft:sugar_cane":2,"minecraft:furnace":6,"minecraft:egg":1,"minecraft:raw_iron":60,"minecraft:torch":4,"minecraft:acacia_log":27,"minecraft:porkchop":16,"minecraft:diorite":1,"minecraft:carrot":1,"minecraft:redstone":5,"minecraft:rotten_flesh":21,"minecraft:arrow":6,"minecraft:mutton":49,"minecraft:white_wool":25,"minecraft:cobblestone":99,"minecraft:feather":3,"minecraft:glow_ink_sac":1,"minecraft:andesite":11,"minecraft:leather":3,"minecraft:tuff":16,"minecraft:oak_log":26,"minecraft:yellow_bed":1,"minecraft:dirt":28,"minecraft:bone":7,"minecraft:acacia_planks":35,"minecraft:wheat_seeds":5,"minecraft:raw_gold":13,"minecraft:iron_ingot":1,"minecraft:iron_sword":1,"minecraft:dandelion":2,"minecraft:gravel":2,"minecraft:white_bed":1,"minecraft:grass_block":1,"minecraft:spider_eye":1,"minecraft:slime_ball":1,"minecraft:diamond":83,"minecraft:stone_axe":1,"minecraft:granite":1,"minecraft:black_wool":1,"minecraft:coal":166,"minecraft:ender_pearl":1},"minecraft:killed":{"minecraft:spider":4,"minecraft:skeleton":13,"minecraft:chicken":5,"minecraft:pig":6,"minecraft:sheep":26,"minecraft:zombie":31,"minecraft:donkey":1,"minecraft:enderman":1,"minecraft:cow":2},"minecraft:custom":{"minecraft:mob_kills":93,"minecraft:interact_with_crafting_table":29,"minecraft:bell_ring":1,"minecraft:time_since_death":119621,"minecraft:climb_one_cm":1096,"minecraft:sprint_one_cm":501094,"minecraft:walk_one_cm":371622,"minecraft:damage_blocked_by_shield":120,"minecraft:drop":22,"minecraft:play_time":119621,"minecraft:sneak_time":7055,"minecraft:walk_under_water_one_cm":27321,"minecraft:jump":2032,"minecraft:walk_on_water_one_cm":47883,"minecraft:total_world_time":119621,"minecraft:interact_with_furnace":94,"minecraft:sleep_in_bed":5,"minecraft:time_since_rest":22325,"minecraft:damage_taken":2185,"minecraft:damage_dealt":13539,"minecraft:swim_one_cm":32604,"minecraft:fly_one_cm":305434,"minecraft:open_chest":37,"minecraft:crouch_one_cm":18063,"minecraft:fall_one_cm":35755},"minecraft:dropped":{"minecraft:iron_sword":2,"minecraft:iron_helmet":1,"minecraft:iron_leggings":2,"minecraft:iron_pickaxe":4,"minecraft:string":2,"minecraft:dandelion":1,"minecraft:stone_axe":2,"minecraft:iron_boots":1,"minecraft:cooked_mutton":9,"minecraft:shield":2,"minecraft:iron_chestplate":2,"minecraft:wooden_pickaxe":1,"minecraft:stone_pickaxe":2},"minecraft:crafted":{"minecraft:oak_planks":28,"minecraft:furnace":2,"minecraft:cooked_mutton":46,"minecraft:diamond_helmet":1,"minecraft:diamond_leggings":1,"minecraft:iron_boots":1,"minecraft:stone_pickaxe":2,"minecraft:chest":3,"minecraft:diamond_boots":1,"minecraft:cooked_beef":5,"minecraft:diamond_sword":1,"minecraft:cooked_porkchop":16,"minecraft:diamond_axe":1,"minecraft:crafting_table":3,"minecraft:enchanting_table":1,"minecraft:iron_helmet":1,"minecraft:wooden_pickaxe":1,"minecraft:iron_sword":2,"minecraft:bucket":1,"minecraft:stone_axe":1,"minecraft:air":0,"minecraft:iron_chestplate":1,"minecraft:diamond_pickaxe":1,"minecraft:shield":2,"minecraft:stick":84,"minecraft:iron_ingot":55,"minecraft:iron_pickaxe":2,"minecraft:iron_leggings":1,"minecraft:white_bed":2,"minecraft:acacia_planks":108,"minecraft:torch":208,"minecraft:diamond_chestplate":1},"minecraft:mined":{"minecraft:diamond_ore":1,"minecraft:tuff":14,"minecraft:white_bed":1,"minecraft:deepslate_diamond_ore":84,"minecraft:jungle_leaves":2,"minecraft:granite":1,"minecraft:acacia_log":27,"minecraft:grass_block":4,"minecraft:furnace":6,"minecraft:iron_ore":42,"minecraft:cobbled_deepslate":14,"minecraft:andesite":11,"minecraft:pointed_dripstone":1,"minecraft:deepslate_iron_ore":7,"minecraft:vine":1,"minecraft:dirt_path":1,"minecraft:oak_stairs":1,"minecraft:stone":93,"minecraft:acacia_leaves":3,"minecraft:dandelion":1,"minecraft:crafting_table":8,"minecraft:short_grass":41,"minecraft:tall_grass":6,"minecraft:cobblestone":7,"minecraft:deepslate_coal_ore":3,"minecraft:deepslate_gold_ore":6,"minecraft:sugar_cane":2,"minecraft:diorite":3,"minecraft:wall_torch":2,"minecraft:yellow_bed":1,"minecraft:coal_ore":54,"minecraft:oak_log":26,"minecraft:gravel":1,"minecraft:dirt":7,"minecraft:gold_ore":5,"minecraft:oak_leaves":4,"minecraft:deepslate":113}},"DataVersion":3955}