{"stats":{"minecraft:crafted":{"minecraft:oak_planks":68,"minecraft:smooth_stone":1,"minecraft:blaze_powder":18,"minecraft:stone":76,"minecraft:diamond_shovel":2,"minecraft:bookshelf":20,"minecraft:shulker_box":6,"minecraft:cooked_mutton":72,"minecraft:diamond_helmet":3,"minecraft:bow":8,"minecraft:diamond_leggings":3,"minecraft:iron_boots":1,"minecraft:chest":16,"minecraft:birch_door":3,"minecraft:ender_eye":16,"minecraft:golden_boots":1,"minecraft:deepslate":64,"minecraft:emerald":92,"minecraft:arrow":32,"minecraft:cauldron":1,"minecraft:cooked_porkchop":33,"minecraft:diamond_axe":1,"minecraft:crafting_table":13,"minecraft:wooden_pickaxe":2,"minecraft:iron_helmet":3,"minecraft:birch_pressure_plate":1,"minecraft:golden_pickaxe":1,"minecraft:fletching_table":1,"minecraft:birch_planks":156,"minecraft:lectern":4,"minecraft:dark_oak_slab":6,"minecraft:iron_chestplate":1,"minecraft:book":67,"minecraft:paper":450,"minecraft:diamond_pickaxe":5,"minecraft:shield":2,"minecraft:stick":2720,"minecraft:iron_ingot":152,"minecraft:iron_pickaxe":3,"minecraft:iron_block":8,"minecraft:gold_ingot":78,"minecraft:dark_oak_fence_gate":1,"minecraft:smooth_stone_slab":2,"minecraft:furnace":4,"minecraft:bone_meal":12,"minecraft:end_stone_bricks":4,"minecraft:flint_and_steel":1,"minecraft:lantern":6,"minecraft:dark_oak_fence":21,"minecraft:stone_pickaxe":2,"minecraft:diamond_boots":3,"minecraft:dark_oak_planks":204,"minecraft:lead":2,"minecraft:golden_helmet":1,"minecraft:wheat":297,"minecraft:cooked_beef":51,"minecraft:crimson_planks":12,"minecraft:diamond_sword":1,"minecraft:enchanting_table":1,"minecraft:iron_sword":2,"minecraft:bucket":1,"minecraft:stone_axe":1,"minecraft:glowstone":15,"minecraft:enchanted_book":1,"minecraft:jungle_slab":18,"minecraft:air":0,"minecraft:acacia_boat":2,"minecraft:bread":94,"minecraft:jungle_planks":1328,"minecraft:oak_boat":1,"minecraft:birch_trapdoor":2,"minecraft:iron_leggings":1,"minecraft:stonecutter":1,"minecraft:armor_stand":2,"minecraft:anvil":1,"minecraft:white_bed":11,"minecraft:acacia_planks":136,"minecraft:torch":216,"minecraft:diamond_chestplate":3,"minecraft:firework_rocket":24,"minecraft:ender_chest":2},"minecraft:used":{"minecraft:elytra":1,"minecraft:chest":23,"minecraft:shield":22,"minecraft:iron_sword":113,"minecraft:tuff":28,"minecraft:obsidian":40,"minecraft:jungle_sapling":14,"minecraft:lava_bucket":11,"minecraft:grass_block":1,"minecraft:crimson_roots":3,"minecraft:birch_trapdoor":2,"minecraft:bow":233,"minecraft:oak_sapling":7,"minecraft:furnace":14,"minecraft:egg":1,"minecraft:dragon_head":1,"minecraft:diamond_boots":1,"minecraft:end_stone_bricks":4,"minecraft:chorus_fruit":4,"minecraft:stone_pickaxe":118,"minecraft:ender_pearl":11,"minecraft:blackstone":1,"minecraft:wooden_pickaxe":15,"minecraft:sugar_cane":26,"minecraft:diamond_axe":722,"minecraft:golden_apple":1,"minecraft:blast_furnace":5,"minecraft:end_stone":448,"minecraft:firework_rocket":24,"minecraft:bread":88,"minecraft:lectern":26,"minecraft:gravel":25,"minecraft:iron_door":2,"minecraft:diamond_sword":1244,"minecraft:grindstone":1,"minecraft:dark_oak_fence":18,"minecraft:andesite":8,"minecraft:oak_boat":2,"minecraft:bone_meal":4,"minecraft:golden_pickaxe":24,"minecraft:purpur_block":4,"minecraft:iron_bars":1,"minecraft:enchanting_table":2,"minecraft:flint_and_steel":2,"minecraft:armor_stand":4,"minecraft:ender_chest":1,"minecraft:netherrack":1263,"minecraft:torch":224,"minecraft:brewing_stand":1,"minecraft:dirt":2122,"minecraft:anvil":1,"minecraft:diamond_helmet":3,"minecraft:shulker_box":9,"minecraft:birch_door":4,"minecraft:bookshelf":16,"minecraft:jungle_log":26,"minecraft:diamond_chestplate":2,"minecraft:soul_soil":1,"minecraft:cooked_beef":76,"minecraft:cobbled_deepslate":75,"minecraft:acacia_planks":4,"minecraft:golden_axe":25,"minecraft:pointed_dripstone":2,"minecraft:cooked_mutton":63,"minecraft:acacia_boat":5,"minecraft:water_bucket":63,"minecraft:birch_planks":4,"minecraft:cauldron":1,"minecraft:fletching_table":2,"minecraft:stonecutter":1,"minecraft:crafting_table":27,"minecraft:white_bed":19,"minecraft:dark_oak_fence_gate":1,"minecraft:spruce_log":3,"minecraft:oak_log":1,"minecraft:ender_eye":23,"minecraft:diamond_pickaxe":4743,"minecraft:diamond_shovel":2206,"minecraft:chicken":4,"minecraft:iron_pickaxe":100,"minecraft:suspicious_stew":1,"minecraft:map":1,"minecraft:spruce_sapling":2,"minecraft:stone_axe":80,"minecraft:potion":1,"minecraft:cobblestone":183,"minecraft:bucket":75,"minecraft:cooked_porkchop":29,"minecraft:yellow_bed":5,"minecraft:diamond_leggings":1},"minecraft:custom":{"minecraft:animals_bred":5,"minecraft:interact_with_crafting_table":114,"minecraft:open_shulker_box":28,"minecraft:bell_ring":1,"minecraft:leave_game":7,"minecraft:time_since_death":34722,"minecraft:sprint_one_cm":3371057,"minecraft:damage_blocked_by_shield":440,"minecraft:drop":226,"minecraft:talked_to_villager":76,"minecraft:play_time":801048,"minecraft:deaths":6,"minecraft:jump":13262,"minecraft:interact_with_brewingstand":8,"minecraft:walk_on_water_one_cm":110840,"minecraft:enchant_item":10,"minecraft:interact_with_furnace":190,"minecraft:traded_with_villager":108,"minecraft:sleep_in_bed":26,"minecraft:open_enderchest":6,"minecraft:damage_dealt":69967,"minecraft:crouch_one_cm":216184,"minecraft:use_cauldron":1,"minecraft:horse_one_cm":23918,"minecraft:interact_with_anvil":5,"minecraft:mob_kills":445,"minecraft:climb_one_cm":14209,"minecraft:walk_one_cm":2395364,"minecraft:sneak_time":54136,"minecraft:walk_under_water_one_cm":102650,"minecraft:boat_one_cm":606959,"minecraft:total_world_time":801048,"minecraft:interact_with_grindstone":3,"minecraft:interact_with_stonecutter":3,"minecraft:time_since_rest":11773,"minecraft:damage_taken":14938,"minecraft:damage_absorbed":40,"minecraft:swim_one_cm":148602,"minecraft:fly_one_cm":2708973,"minecraft:open_chest":734,"minecraft:aviate_one_cm":2096720,"minecraft:fall_one_cm":249180},"minecraft:dropped":{"minecraft:iron_sword":2,"minecraft:soul_sand":32,"minecraft:birch_planks":6,"minecraft:cooked_beef":1,"minecraft:leather":11,"minecraft:leather_helmet":1,"minecraft:dirt":1,"minecraft:sand":2,"minecraft:iron_pickaxe":4,"minecraft:gold_ingot":128,"minecraft:gravel":23,"minecraft:stone_axe":2,"minecraft:blackstone":13,"minecraft:cobbled_deepslate":8,"minecraft:nether_brick":49,"minecraft:rotten_flesh":9,"minecraft:cooked_mutton":9,"minecraft:poppy":2,"minecraft:gunpowder":4,"minecraft:iron_bars":5,"minecraft:quartz":22,"minecraft:netherrack":16,"minecraft:wheat_seeds":10,"minecraft:diamond_leggings":1,"minecraft:iron_helmet":4,"minecraft:cobblestone":56,"minecraft:lead":1,"minecraft:granite":6,"minecraft:acacia_log":2,"minecraft:stick":3,"minecraft:gray_wool":2,"minecraft:diorite":3,"minecraft:brown_wool":1,"minecraft:iron_door":1,"minecraft:diamond_helmet":1,"minecraft:fire_charge":1,"minecraft:potion":1,"minecraft:iron_leggings":2,"minecraft:string":5,"minecraft:acacia_planks":3,"minecraft:dandelion":2,"minecraft:bowl":1,"minecraft:iron_boots":1,"minecraft:filled_map":1,"minecraft:shield":2,"minecraft:diamond_chestplate":1,"minecraft:iron_chestplate":2,"minecraft:diamond_pickaxe":1,"minecraft:andesite":13,"minecraft:mossy_stone_bricks":3,"minecraft:spider_eye":3,"minecraft:stone_bricks":11,"minecraft:diamond_boots":1,"minecraft:bow":1,"minecraft:stone_pickaxe":2,"minecraft:wooden_pickaxe":2,"minecraft:magma_block":1,"minecraft:black_wool":2},"minecraft:killed_by":{"minecraft:enderman":2,"minecraft:ender_dragon":1},"minecraft:killed":{"minecraft:spider":21,"minecraft:shulker":36,"minecraft:skeleton":42,"minecraft:chicken":5,"minecraft:silverfish":3,"minecraft:magma_cube":15,"minecraft:piglin":9,"minecraft:pig":16,"minecraft:ender_dragon":1,"minecraft:creeper":8,"minecraft:sheep":42,"minecraft:zombie":80,"minecraft:donkey":1,"minecraft:ghast":3,"minecraft:blaze":20,"minecraft:cow":42,"minecraft:slime":35,"minecraft:horse":5,"minecraft:hoglin":3,"minecraft:wither_skeleton":1,"minecraft:enderman":30},"minecraft:picked_up":{"minecraft:shulker_shell":19,"minecraft:iron_chestplate":4,"minecraft:birch_door":1,"minecraft:wheat":12,"minecraft:diamond_sword":6,"minecraft:oak_stairs":1,"minecraft:potion":9,"minecraft:nether_brick":53,"minecraft:brewing_stand":4,"minecraft:golden_sword":1,"minecraft:string":53,"minecraft:soul_soil":1,"minecraft:iron_leggings":2,"minecraft:armor_stand":2,"minecraft:shroomlight":3,"minecraft:diamond_leggings":6,"minecraft:gold_nugget":702,"minecraft:cobbled_deepslate":181,"minecraft:ender_eye":16,"minecraft:iron_pickaxe":4,"minecraft:furnace":10,"minecraft:iron_boots":2,"minecraft:stick":23,"minecraft:torch":25,"minecraft:acacia_log":37,"minecraft:purpur_pillar":2,"minecraft:porkchop":39,"minecraft:golden_axe":1,"minecraft:pointed_dripstone":1,"minecraft:diorite":7,"minecraft:golden_chestplate":1,"minecraft:rotten_flesh":64,"minecraft:end_rod":12,"minecraft:blaze_rod":17,"minecraft:obsidian":82,"minecraft:iron_bars":15,"minecraft:blaze_powder":6,"minecraft:cobblestone":269,"minecraft:enchanting_table":1,"minecraft:birch_log":40,"minecraft:magma_block":2,"minecraft:andesite":50,"minecraft:feather":3,"minecraft:cooked_beef":14,"minecraft:magma_cream":2,"minecraft:iron_door":9,"minecraft:water_bucket":5,"minecraft:jungle_log":332,"minecraft:brown_wool":1,"minecraft:potato":4,"minecraft:flint":7,"minecraft:tuff":29,"minecraft:acacia_boat":6,"minecraft:dirt":2157,"minecraft:bone":35,"minecraft:acacia_planks":38,"minecraft:stonecutter":1,"minecraft:bow":5,"minecraft:wheat_seeds":142,"minecraft:raw_gold":13,"minecraft:grindstone":1,"minecraft:mossy_stone_bricks":3,"minecraft:fletching_table":1,"minecraft:diamond_helmet":4,"minecraft:glowstone_dust":61,"minecraft:cooked_porkchop":67,"minecraft:poisonous_potato":2,"minecraft:sand":4,"minecraft:grass_block":2,"minecraft:spectral_arrow":241,"minecraft:dark_oak_log":128,"minecraft:shulker_box":13,"minecraft:mossy_cobblestone":1,"minecraft:diamond":109,"minecraft:granite":7,"minecraft:golden_apple":1,"minecraft:golden_horse_armor":2,"minecraft:bread":78,"minecraft:netherrack":2728,"minecraft:chorus_fruit":7,"minecraft:dark_oak_fence":1,"minecraft:crimson_roots":4,"minecraft:diamond_pickaxe":6,"minecraft:end_stone_bricks":20,"minecraft:crafting_table":18,"minecraft:azure_bluet":1,"minecraft:chicken":5,"minecraft:wooden_pickaxe":1,"minecraft:diamond_horse_armor":2,"minecraft:dragon_head":2,"minecraft:purpur_block":22,"minecraft:shield":7,"minecraft:cornflower":2,"minecraft:elytra":6,"minecraft:blackstone":160,"minecraft:cracked_stone_bricks":20,"minecraft:beef":109,"minecraft:oak_boat":1,"minecraft:jungle_sapling":14,"minecraft:iron_nugget":92,"minecraft:poppy":3,"minecraft:lectern":24,"minecraft:sugar_cane":469,"minecraft:chest":13,"minecraft:birch_sapling":1,"minecraft:egg":15,"minecraft:dark_oak_sapling":4,"minecraft:raw_iron":85,"minecraft:end_stone":480,"minecraft:fire_charge":13,"minecraft:carrot":5,"minecraft:redstone":5,"minecraft:arrow":217,"minecraft:diamond_chestplate":5,"minecraft:nether_bricks":2,"minecraft:diamond_boots":6,"minecraft:purpur_slab":1,"minecraft:hay_block":33,"minecraft:saddle":3,"minecraft:gold_ingot":27,"minecraft:mutton":85,"minecraft:white_wool":36,"minecraft:oxeye_daisy":1,"minecraft:basalt":61,"minecraft:glow_ink_sac":1,"minecraft:crimson_stem":7,"minecraft:leather":75,"minecraft:birch_planks":34,"minecraft:crimson_fungus":3,"minecraft:purpur_stairs":2,"minecraft:lily_pad":8,"minecraft:oak_log":30,"minecraft:yellow_bed":5,"minecraft:nether_wart_block":1,"minecraft:gunpowder":11,"minecraft:paper":4,"minecraft:apple":1,"minecraft:stone_bricks":11,"minecraft:iron_ingot":35,"minecraft:glass_bottle":1,"minecraft:iron_sword":1,"minecraft:soul_sand":52,"minecraft:book":33,"minecraft:quartz":325,"minecraft:dandelion":13,"minecraft:gravel":203,"minecraft:lava_bucket":1,"minecraft:spruce_sapling":2,"minecraft:blast_furnace":5,"minecraft:white_bed":8,"minecraft:spruce_log":17,"minecraft:crying_obsidian":18,"minecraft:spider_eye":6,"minecraft:dragon_egg":1,"minecraft:diamond_shovel":2,"minecraft:firework_rocket":12,"minecraft:slime_ball":22,"minecraft:stone_axe":1,"minecraft:iron_helmet":5,"minecraft:diamond_axe":6,"minecraft:gray_wool":2,"minecraft:black_wool":3,"minecraft:coal":212,"minecraft:ender_pearl":32},"minecraft:mined":{"minecraft:dragon_wall_head":1,"minecraft:white_bed":9,"minecraft:jungle_leaves":21,"minecraft:brewing_stand":3,"minecraft:obsidian":37,"minecraft:granite":7,"minecraft:acacia_log":36,"minecraft:grass_block":1927,"minecraft:jungle_log":332,"minecraft:soul_soil":1,"minecraft:purpur_slab":1,"minecraft:crimson_fungus":3,"minecraft:spawner":1,"minecraft:magma_block":4,"minecraft:glowstone":16,"minecraft:iron_ore":45,"minecraft:cobbled_deepslate":14,"minecraft:fire":25,"minecraft:fletching_table":1,"minecraft:azure_bluet":1,"minecraft:enchanting_table":1,"minecraft:pointed_dripstone":2,"minecraft:dirt_path":1,"minecraft:iron_bars":5,"minecraft:oak_stairs":1,"minecraft:end_stone_bricks":12,"minecraft:blackstone":15,"minecraft:crimson_nylium":17,"minecraft:soul_fire":1,"minecraft:purpur_stairs":2,"minecraft:torch":4,"minecraft:blast_furnace":5,"minecraft:chest":12,"minecraft:nether_quartz_ore":128,"minecraft:cobblestone":13,"minecraft:sugar_cane":241,"minecraft:grindstone":1,"minecraft:iron_door":8,"minecraft:wall_torch":9,"minecraft:seagrass":1,"minecraft:nether_wart_block":1,"minecraft:birch_log":23,"minecraft:wheat":2,"minecraft:birch_trapdoor":1,"minecraft:smooth_stone_slab":1,"minecraft:purpur_block":18,"minecraft:oak_log":30,"minecraft:sand":2,"minecraft:dirt":196,"minecraft:infested_cracked_stone_bricks":1,"minecraft:stonecutter":1,"minecraft:netherrack":3246,"minecraft:deepslate":181,"minecraft:oak_leaves":9,"minecraft:nether_gold_ore":78,"minecraft:diamond_ore":1,"minecraft:tuff":26,"minecraft:mossy_cobblestone":1,"minecraft:dark_oak_leaves":5,"minecraft:deepslate_diamond_ore":111,"minecraft:dark_oak_log":129,"minecraft:end_stone":458,"minecraft:shulker_box":7,"minecraft:nether_bricks":2,"minecraft:dark_oak_fence":1,"minecraft:crimson_roots":1,"minecraft:spruce_leaves":9,"minecraft:crimson_stem":8,"minecraft:hay_block":33,"minecraft:furnace":10,"minecraft:carrots":2,"minecraft:andesite":47,"minecraft:bookshelf":11,"minecraft:shroomlight":4,"minecraft:deepslate_iron_ore":7,"minecraft:vine":32,"minecraft:chorus_plant":1,"minecraft:stone":193,"minecraft:ender_chest":3,"minecraft:acacia_leaves":3,"minecraft:soul_sand":5,"minecraft:magenta_stained_glass":2,"minecraft:infested_stone_bricks":3,"minecraft:basalt":61,"minecraft:dandelion":6,"minecraft:crafting_table":16,"minecraft:short_grass":543,"minecraft:lectern":24,"minecraft:purpur_pillar":2,"minecraft:tall_grass":38,"minecraft:deepslate_coal_ore":3,"minecraft:deepslate_gold_ore":6,"minecraft:lily_pad":1,"minecraft:diorite":13,"minecraft:birch_planks":2,"minecraft:birch_leaves":4,"minecraft:spruce_log":18,"minecraft:yellow_bed":5,"minecraft:coal_ore":71,"minecraft:end_rod":9,"minecraft:gravel":28,"minecraft:cobweb":3,"minecraft:cracked_stone_bricks":11,"minecraft:stone_bricks":25,"minecraft:mossy_stone_bricks":13,"minecraft:gold_ore":5,"minecraft:fern":2}},"DataVersion":3955}