{"stats":{"minecraft:crafted":{"minecraft:wooden_sword":1,"minecraft:oak_planks":280,"minecraft:iron_nugget":27,"minecraft:stone":474,"minecraft:bone_meal":12,"minecraft:cooked_mutton":15,"minecraft:deepslate_brick_stairs":14,"minecraft:lantern":6,"minecraft:iron_axe":1,"minecraft:birch_fence_gate":3,"minecraft:stone_pickaxe":2,"minecraft:cobblestone_wall":6,"minecraft:chest":6,"minecraft:golden_helmet":1,"minecraft:golden_axe":1,"minecraft:cooked_beef":10,"minecraft:wooden_shovel":1,"minecraft:diamond_sword":1,"minecraft:cooked_porkchop":19,"minecraft:crafting_table":1,"minecraft:wooden_pickaxe":1,"minecraft:golden_shovel":1,"minecraft:bucket":1,"minecraft:birch_planks":100,"minecraft:stone_axe":2,"minecraft:acacia_boat":1,"minecraft:air":0,"minecraft:diamond_pickaxe":1,"minecraft:birch_fence":39,"minecraft:stick":84,"minecraft:iron_ingot":82,"minecraft:wooden_axe":1,"minecraft:stone_sword":2,"minecraft:iron_shovel":1,"minecraft:gold_ingot":37,"minecraft:stonecutter":1,"minecraft:acacia_planks":60,"minecraft:torch":140},"minecraft:used":{"minecraft:peony":3,"minecraft:cherry_sapling":5,"minecraft:stone_sword":149,"minecraft:iron_shovel":185,"minecraft:chest":6,"minecraft:shield":36,"minecraft:stone":115,"minecraft:wooden_shovel":60,"minecraft:netherrack":31,"minecraft:torch":94,"minecraft:dirt":337,"minecraft:cobblestone_wall":11,"minecraft:stone_stairs":74,"minecraft:golden_shovel":32,"minecraft:tuff":1,"minecraft:wooden_axe":26,"minecraft:lantern":6,"minecraft:iron_axe":51,"minecraft:birch_sapling":2,"minecraft:stone_bricks":191,"minecraft:bow":2,"minecraft:oak_sapling":6,"minecraft:cooked_beef":17,"minecraft:acacia_planks":31,"minecraft:cobbled_deepslate":4,"minecraft:acacia_boat":5,"minecraft:golden_axe":32,"minecraft:cooked_mutton":26,"minecraft:wheat_seeds":71,"minecraft:water_bucket":1,"minecraft:diorite":2,"minecraft:stone_pickaxe":260,"minecraft:oak_planks":81,"minecraft:wooden_pickaxe":43,"minecraft:stonecutter":1,"minecraft:jungle_boat":2,"minecraft:golden_hoe":78,"minecraft:crafting_table":3,"minecraft:red_bed":1,"minecraft:white_bed":2,"minecraft:smoker":1,"minecraft:deepslate_brick_stairs":6,"minecraft:birch_fence":35,"minecraft:oak_log":34,"minecraft:diamond_pickaxe":1470,"minecraft:birch_fence_gate":2,"minecraft:bread":1,"minecraft:iron_pickaxe":236,"minecraft:gravel":2,"minecraft:lilac":6,"minecraft:stone_axe":232,"minecraft:diamond_sword":244,"minecraft:wooden_sword":56,"minecraft:cobblestone":217,"minecraft:andesite":10,"minecraft:cooked_porkchop":17,"minecraft:bucket":2,"minecraft:bone_meal":6},"minecraft:custom":{"minecraft:mob_kills":83,"minecraft:animals_bred":2,"minecraft:interact_with_crafting_table":39,"minecraft:open_barrel":2,"minecraft:bell_ring":1,"minecraft:leave_game":2,"minecraft:time_since_death":209788,"minecraft:sprint_one_cm":1619000,"minecraft:walk_one_cm":1892607,"minecraft:damage_blocked_by_shield":1656,"minecraft:drop":26,"minecraft:talked_to_villager":15,"minecraft:play_time":459382,"minecraft:sneak_time":3581,"minecraft:deaths":7,"minecraft:walk_under_water_one_cm":39848,"minecraft:boat_one_cm":561663,"minecraft:jump":4405,"minecraft:walk_on_water_one_cm":95550,"minecraft:total_world_time":459382,"minecraft:interact_with_furnace":121,"minecraft:interact_with_cartography_table":1,"minecraft:interact_with_stonecutter":18,"minecraft:sleep_in_bed":23,"minecraft:time_since_rest":7045,"minecraft:damage_taken":5256,"minecraft:damage_dealt":11789,"minecraft:swim_one_cm":23125,"minecraft:fly_one_cm":195848,"minecraft:open_chest":221,"minecraft:crouch_one_cm":8575,"minecraft:fall_one_cm":47797},"minecraft:broken":{"minecraft:wooden_shovel":1,"minecraft:stone_sword":1,"minecraft:golden_shovel":1,"minecraft:stone_pickaxe":2,"minecraft:golden_axe":1,"minecraft:wooden_sword":1,"minecraft:stone_axe":1,"minecraft:iron_pickaxe":1},"minecraft:dropped":{"minecraft:wheat_seeds":1,"minecraft:glow_ink_sac":1,"minecraft:cooked_porkchop":2,"minecraft:orange_tulip":6,"minecraft:flint":4,"minecraft:wooden_axe":1,"minecraft:iron_shovel":1,"minecraft:gravel":1,"minecraft:string":1,"minecraft:white_tulip":1,"minecraft:white_wool":1,"minecraft:stone_axe":1,"minecraft:rotten_flesh":42,"minecraft:azure_bluet":6,"minecraft:stone":2,"minecraft:peony":1,"minecraft:wooden_pickaxe":1},"minecraft:killed_by":{"minecraft:skeleton":1,"minecraft:zombie":5},"minecraft:killed":{"minecraft:spider":3,"minecraft:skeleton":8,"minecraft:drowned":1,"minecraft:pig":7,"minecraft:salmon":6,"minecraft:sheep":19,"minecraft:pillager":10,"minecraft:zombie":15,"minecraft:cow":13},"minecraft:picked_up":{"minecraft:crafting_table":2,"minecraft:iron_chestplate":5,"minecraft:wheat":17,"minecraft:azure_bluet":6,"minecraft:chicken":1,"minecraft:clay_ball":40,"minecraft:diamond_sword":1,"minecraft:wooden_pickaxe":1,"minecraft:gold_block":1,"minecraft:stone_brick_stairs":4,"minecraft:brewing_stand":1,"minecraft:shield":6,"minecraft:smooth_stone_slab":22,"minecraft:string":4,"minecraft:red_bed":1,"minecraft:stone_stairs":96,"minecraft:raw_copper":88,"minecraft:iron_axe":1,"minecraft:iron_leggings":5,"minecraft:compass":1,"minecraft:iron_shovel":2,"minecraft:birch_fence":5,"minecraft:cracked_stone_bricks":1,"minecraft:cobbled_deepslate":828,"minecraft:bucket":1,"minecraft:beef":41,"minecraft:white_tulip":1,"minecraft:calcite":1,"minecraft:iron_nugget":21,"minecraft:iron_pickaxe":2,"minecraft:sugar_cane":10,"minecraft:chest":2,"minecraft:birch_sapling":33,"minecraft:iron_boots":7,"minecraft:egg":11,"minecraft:stick":54,"minecraft:raw_iron":210,"minecraft:composter":1,"minecraft:oak_fence":29,"minecraft:copper_ingot":1,"minecraft:acacia_log":15,"minecraft:torch":162,"minecraft:porkchop":18,"minecraft:cherry_log":96,"minecraft:pointed_dripstone":134,"minecraft:diorite":94,"minecraft:carrot":20,"minecraft:redstone":18,"minecraft:cauldron":2,"minecraft:orange_bed":1,"minecraft:stone_sword":1,"minecraft:arrow":20,"minecraft:rotten_flesh":47,"minecraft:beetroot_seeds":9,"minecraft:peony":14,"minecraft:golden_hoe":1,"minecraft:hay_block":8,"minecraft:lilac":6,"minecraft:saddle":1,"minecraft:deepslate_brick_stairs":22,"minecraft:obsidian":9,"minecraft:mutton":34,"minecraft:iron_bars":1,"minecraft:white_wool":28,"minecraft:cobblestone":2040,"minecraft:birch_log":106,"minecraft:pink_petals":68,"minecraft:magma_block":10,"minecraft:jungle_boat":2,"minecraft:feather":4,"minecraft:cooked_beef":2,"minecraft:glow_ink_sac":2,"minecraft:salmon":6,"minecraft:andesite":10,"minecraft:leather":23,"minecraft:golden_leggings":1,"minecraft:smoker":1,"minecraft:potato":12,"minecraft:flint":14,"minecraft:tuff":2,"minecraft:oak_log":53,"minecraft:cobblestone_wall":7,"minecraft:gunpowder":3,"minecraft:acacia_boat":5,"minecraft:lapis_lazuli":104,"minecraft:lantern":3,"minecraft:dirt":383,"minecraft:cooked_mutton":26,"minecraft:red_carpet":3,"minecraft:apple":1,"minecraft:stone_bricks":23,"minecraft:oak_fence_gate":6,"minecraft:stonecutter":1,"minecraft:bow":6,"minecraft:orange_tulip":7,"minecraft:wheat_seeds":118,"minecraft:raw_gold":74,"minecraft:stone_pickaxe":5,"minecraft:oak_planks":99,"minecraft:smooth_basalt":3,"minecraft:pumpkin":16,"minecraft:music_disc_13":1,"minecraft:dripstone_block":10,"minecraft:gravel":49,"minecraft:white_bed":2,"minecraft:lily_of_the_valley":2,"minecraft:crying_obsidian":2,"minecraft:diamond":6,"minecraft:stone_axe":2,"minecraft:iron_helmet":4,"minecraft:granite":57,"minecraft:bone_meal":36,"minecraft:cherry_sapling":16,"minecraft:gray_wool":6,"minecraft:black_wool":2,"minecraft:oak_sapling":50,"minecraft:melon_seeds":2,"minecraft:netherrack":60,"minecraft:coal":277,"minecraft:diamond_pickaxe":4},"minecraft:mined":{"minecraft:red_carpet":3,"minecraft:diamond_ore":1,"minecraft:crying_obsidian":2,"minecraft:tuff":6,"minecraft:farmland":3,"minecraft:deepslate_diamond_ore":2,"minecraft:cherry_log":16,"minecraft:cherry_sapling":2,"minecraft:brewing_stand":1,"minecraft:obsidian":10,"minecraft:glow_lichen":1,"minecraft:granite":15,"minecraft:budding_amethyst":1,"minecraft:acacia_log":16,"minecraft:grass_block":120,"minecraft:composter":1,"minecraft:spawner":1,"minecraft:hay_block":8,"minecraft:tall_seagrass":3,"minecraft:magma_block":12,"minecraft:carrots":20,"minecraft:iron_ore":99,"minecraft:cobbled_deepslate":4,"minecraft:fire":7,"minecraft:andesite":14,"minecraft:pumpkin":8,"minecraft:deepslate_lapis_ore":1,"minecraft:azure_bluet":1,"minecraft:peony":13,"minecraft:gold_block":1,"minecraft:water_cauldron":2,"minecraft:potatoes":12,"minecraft:pointed_dripstone":49,"minecraft:dirt_path":55,"minecraft:deepslate_iron_ore":12,"minecraft:iron_bars":1,"minecraft:lantern":3,"minecraft:deepslate_brick_stairs":6,"minecraft:white_tulip":1,"minecraft:stone":781,"minecraft:acacia_leaves":1,"minecraft:orange_bed":1,"minecraft:deepslate_redstone_ore":2,"minecraft:red_bed":1,"minecraft:smoker":1,"minecraft:lily_of_the_valley":1,"minecraft:melon_stem":1,"minecraft:medium_amethyst_bud":1,"minecraft:dandelion":2,"minecraft:oak_fence":29,"minecraft:clay":10,"minecraft:crafting_table":2,"minecraft:torch":2,"minecraft:short_grass":116,"minecraft:calcite":1,"minecraft:copper_ore":9,"minecraft:tall_grass":12,"minecraft:cobblestone":33,"minecraft:deepslate_gold_ore":30,"minecraft:lapis_ore":8,"minecraft:oak_planks":3,"minecraft:sugar_cane":3,"minecraft:diorite":41,"minecraft:wall_torch":2,"minecraft:pink_petals":12,"minecraft:seagrass":2,"minecraft:stone_stairs":72,"minecraft:cobblestone_wall":7,"minecraft:birch_log":86,"minecraft:wheat":62,"minecraft:lilac":8,"minecraft:birch_leaves":8,"minecraft:orange_tulip":4,"minecraft:stone_brick_stairs":2,"minecraft:smooth_stone_slab":11,"minecraft:oak_log":49,"minecraft:coal_ore":250,"minecraft:beetroots":9,"minecraft:oak_fence_gate":6,"minecraft:cherry_leaves":16,"minecraft:gravel":53,"minecraft:dripstone_block":11,"minecraft:dirt":132,"minecraft:smooth_basalt":2,"minecraft:cracked_stone_bricks":1,"minecraft:stonecutter":1,"minecraft:stone_bricks":17,"minecraft:netherrack":66,"minecraft:birch_fence":5,"minecraft:oak_leaves":34,"minecraft:deepslate":322}},"DataVersion":3955}