{"stats":{"minecraft:crafted":{"minecraft:brick":10,"minecraft:oak_planks":324,"minecraft:jungle_fence_gate":1,"minecraft:acacia_pressure_plate":1,"minecraft:loom":1,"minecraft:cherry_boat":1,"minecraft:stone":636,"minecraft:cobblestone_stairs":9,"minecraft:bookshelf":8,"minecraft:cooked_mutton":29,"minecraft:deepslate_brick_stairs":14,"minecraft:bamboo_block":3,"minecraft:glass":17,"minecraft:birch_fence_gate":3,"minecraft:chest":6,"minecraft:acacia_fence":75,"minecraft:stone_hoe":1,"minecraft:bamboo_raft":1,"minecraft:golden_axe":1,"minecraft:wooden_shovel":2,"minecraft:emerald":2,"minecraft:cooked_porkchop":19,"minecraft:diamond_axe":1,"minecraft:crafting_table":5,"minecraft:spruce_planks":8,"minecraft:acacia_slab":72,"minecraft:wooden_pickaxe":1,"minecraft:baked_potato":5,"minecraft:copper_door":3,"minecraft:smithing_table":1,"minecraft:copper_ingot":44,"minecraft:acacia_button":5,"minecraft:birch_planks":100,"minecraft:pumpkin_seeds":20,"minecraft:bamboo_planks":6,"minecraft:book":18,"minecraft:paper":54,"minecraft:diamond_pickaxe":1,"minecraft:birch_fence":39,"minecraft:stick":158,"minecraft:iron_ingot":116,"minecraft:stone_sword":2,"minecraft:acacia_door":3,"minecraft:gold_ingot":41,"minecraft:composter":4,"minecraft:shears":1,"minecraft:cherry_planks":8,"minecraft:wooden_sword":1,"minecraft:stone_shovel":4,"minecraft:stone_brick_wall":1,"minecraft:iron_nugget":81,"minecraft:furnace":2,"minecraft:bone_meal":27,"minecraft:glass_pane":32,"minecraft:lantern":13,"minecraft:iron_axe":1,"minecraft:ladder":6,"minecraft:stone_pickaxe":2,"minecraft:cobblestone_wall":12,"minecraft:jungle_fence":21,"minecraft:golden_helmet":1,"minecraft:wheat":54,"minecraft:cooked_beef":36,"minecraft:red_dye":11,"minecraft:diamond_sword":1,"minecraft:acacia_trapdoor":4,"minecraft:red_bed":2,"minecraft:golden_shovel":1,"minecraft:bucket":3,"minecraft:acacia_stairs":32,"minecraft:stone_axe":2,"minecraft:acacia_boat":2,"minecraft:air":0,"minecraft:jungle_planks":136,"minecraft:wooden_axe":2,"minecraft:iron_shovel":3,"minecraft:stonecutter":2,"minecraft:white_bed":2,"minecraft:note_block":1,"minecraft:acacia_planks":448,"minecraft:torch":168},"minecraft:used":{"minecraft:peony":3,"minecraft:cherry_sapling":26,"minecraft:iron_shovel":697,"minecraft:ladder":15,"minecraft:poppy":14,"minecraft:shield":39,"minecraft:chest":10,"minecraft:stone":115,"minecraft:jungle_planks":10,"minecraft:acacia_sapling":10,"minecraft:acacia_button":4,"minecraft:tuff":1,"minecraft:obsidian":6,"minecraft:lava_bucket":4,"minecraft:jungle_fence_gate":1,"minecraft:lantern":14,"minecraft:birch_sapling":2,"minecraft:stone_bricks":293,"minecraft:red_carpet":2,"minecraft:bow":2,"minecraft:hay_block":10,"minecraft:sweet_berries":18,"minecraft:yellow_glazed_terracotta":2,"minecraft:oak_sapling":14,"minecraft:furnace":3,"minecraft:acacia_fence":26,"minecraft:potato":4,"minecraft:short_grass":1,"minecraft:diorite":2,"minecraft:acacia_trapdoor":8,"minecraft:copper_door":2,"minecraft:oak_planks":81,"minecraft:stone_pickaxe":260,"minecraft:jungle_fence":21,"minecraft:wooden_pickaxe":43,"minecraft:sugar_cane":52,"minecraft:composter":8,"minecraft:diamond_axe":1326,"minecraft:jungle_boat":2,"minecraft:oak_leaves":11,"minecraft:yellow_terracotta":30,"minecraft:golden_hoe":78,"minecraft:sand":6,"minecraft:loom":2,"minecraft:stone_brick_wall":2,"minecraft:shears":106,"minecraft:deepslate_brick_stairs":6,"minecraft:birch_fence":35,"minecraft:birch_fence_gate":2,"minecraft:acacia_door":13,"minecraft:melon_slice":6,"minecraft:bread":31,"minecraft:red_terracotta":44,"minecraft:gravel":4,"minecraft:lilac":6,"minecraft:diamond_sword":593,"minecraft:wooden_sword":56,"minecraft:smithing_table":2,"minecraft:andesite":10,"minecraft:tropical_fish_bucket":5,"minecraft:bone_meal":16,"minecraft:cherry_boat":10,"minecraft:jungle_leaves":4,"minecraft:stone_sword":149,"minecraft:acacia_log":135,"minecraft:flint_and_steel":3,"minecraft:stone_shovel":588,"minecraft:wooden_shovel":122,"minecraft:stone_hoe":123,"minecraft:netherrack":62,"minecraft:orange_bed":2,"minecraft:torch":123,"minecraft:dirt":1164,"minecraft:cobblestone_wall":26,"minecraft:stone_stairs":74,"minecraft:cod_bucket":2,"minecraft:golden_shovel":32,"minecraft:wooden_axe":86,"minecraft:bamboo_raft":3,"minecraft:bookshelf":2,"minecraft:iron_axe":51,"minecraft:acacia_slab":38,"minecraft:jungle_log":1,"minecraft:melon_seeds":10,"minecraft:bamboo":11,"minecraft:acacia_wood":12,"minecraft:cooked_beef":40,"minecraft:cobbled_deepslate":4,"minecraft:acacia_planks":247,"minecraft:cherry_log":3,"minecraft:golden_axe":32,"minecraft:wheat_seeds":169,"minecraft:cooked_mutton":51,"minecraft:water_bucket":58,"minecraft:acacia_boat":8,"minecraft:cobblestone_stairs":61,"minecraft:baked_potato":5,"minecraft:stonecutter":10,"minecraft:crafting_table":16,"minecraft:red_bed":5,"minecraft:white_bed":6,"minecraft:smoker":1,"minecraft:oak_log":59,"minecraft:acacia_stairs":114,"minecraft:diamond_pickaxe":2804,"minecraft:iron_pickaxe":236,"minecraft:stone_axe":281,"minecraft:cobblestone":601,"minecraft:purple_bed":2,"minecraft:acacia_pressure_plate":2,"minecraft:cooked_porkchop":17,"minecraft:bucket":69,"minecraft:glass_pane":32,"minecraft:stripped_oak_log":1,"minecraft:dandelion":9,"minecraft:kelp":8},"minecraft:custom":{"minecraft:animals_bred":7,"minecraft:interact_with_crafting_table":117,"minecraft:open_barrel":2,"minecraft:bell_ring":1,"minecraft:leave_game":6,"minecraft:time_since_death":117262,"minecraft:sprint_one_cm":4497658,"minecraft:damage_blocked_by_shield":1746,"minecraft:drop":80,"minecraft:talked_to_villager":55,"minecraft:play_time":1090878,"minecraft:deaths":14,"minecraft:jump":8269,"minecraft:walk_on_water_one_cm":299952,"minecraft:interact_with_furnace":165,"minecraft:traded_with_villager":3,"minecraft:interact_with_cartography_table":1,"minecraft:sleep_in_bed":71,"minecraft:damage_dealt":19309,"minecraft:crouch_one_cm":22536,"minecraft:interact_with_smoker":6,"minecraft:interact_with_smithing_table":1,"minecraft:mob_kills":148,"minecraft:climb_one_cm":15933,"minecraft:walk_one_cm":4231040,"minecraft:sneak_time":11662,"minecraft:walk_under_water_one_cm":195242,"minecraft:boat_one_cm":1573113,"minecraft:interact_with_blast_furnace":1,"minecraft:total_world_time":1090878,"minecraft:interact_with_stonecutter":34,"minecraft:time_since_rest":6021,"minecraft:damage_taken":9160,"minecraft:swim_one_cm":29307,"minecraft:fly_one_cm":421954,"minecraft:open_chest":421,"minecraft:fall_one_cm":100526},"minecraft:broken":{"minecraft:golden_helmet":1,"minecraft:iron_shovel":2,"minecraft:wooden_shovel":2,"minecraft:iron_boots":1,"minecraft:golden_shovel":1,"minecraft:golden_leggings":1,"minecraft:stone_pickaxe":2,"minecraft:diamond_pickaxe":1,"minecraft:wooden_sword":1,"minecraft:stone_axe":2,"minecraft:wooden_axe":1,"minecraft:stone_shovel":4,"minecraft:stone_sword":1,"minecraft:golden_axe":1,"minecraft:iron_pickaxe":1},"minecraft:dropped":{"minecraft:glow_ink_sac":1,"minecraft:cooked_porkchop":2,"minecraft:orange_tulip":6,"minecraft:red_mushroom":1,"minecraft:flint":4,"minecraft:white_wool":1,"minecraft:gravel":9,"minecraft:white_tulip":1,"minecraft:stone_axe":1,"minecraft:rotten_flesh":126,"minecraft:azure_bluet":9,"minecraft:charcoal":4,"minecraft:melon_seeds":4,"minecraft:ladder":1,"minecraft:stone_hoe":1,"minecraft:bread":1,"minecraft:wheat_seeds":34,"minecraft:cobblestone":1,"minecraft:stick":4,"minecraft:wooden_axe":1,"minecraft:pumpkin":2,"minecraft:iron_shovel":1,"minecraft:string":3,"minecraft:dandelion":1,"minecraft:stone":2,"minecraft:peony":1,"minecraft:wooden_pickaxe":1},"minecraft:killed_by":{"minecraft:creeper":1,"minecraft:drowned":1,"minecraft:zombie":6,"minecraft:skeleton":3},"minecraft:killed":{"minecraft:spider":5,"minecraft:cod":5,"minecraft:skeleton":11,"minecraft:pig":8,"minecraft:zombie_villager":1,"minecraft:salmon":11,"minecraft:sheep":29,"minecraft:pillager":10,"minecraft:zombie":30,"minecraft:cow":31,"minecraft:drowned":2},"minecraft:picked_up":{"minecraft:wooden_axe":1,"minecraft:iron_chestplate":9,"minecraft:wheat":96,"minecraft:flower_pot":2,"minecraft:smithing_table":1,"minecraft:diamond_sword":8,"minecraft:acacia_pressure_plate":4,"minecraft:stone_brick_stairs":4,"minecraft:brewing_stand":1,"minecraft:string":8,"minecraft:raw_copper":236,"minecraft:iron_leggings":5,"minecraft:smooth_stone_slab":22,"minecraft:cherry_boat":12,"minecraft:cobbled_deepslate":1094,"minecraft:bucket":7,"minecraft:spruce_planks":1,"minecraft:white_tulip":1,"minecraft:red_dye":8,"minecraft:calcite":1,"minecraft:wooden_shovel":1,"minecraft:iron_pickaxe":2,"minecraft:melon_slice":141,"minecraft:furnace":1,"minecraft:iron_boots":9,"minecraft:golden_helmet":2,"minecraft:stick":134,"minecraft:acacia_fence":38,"minecraft:composter":7,"minecraft:oak_fence":29,"minecraft:torch":190,"minecraft:acacia_log":322,"minecraft:porkchop":20,"minecraft:cherry_log":116,"minecraft:pointed_dripstone":134,"minecraft:diorite":126,"minecraft:vine":7,"minecraft:copper_door":1,"minecraft:cauldron":2,"minecraft:orange_bed":3,"minecraft:stone_sword":1,"minecraft:rotten_flesh":137,"minecraft:armadillo_scute":1,"minecraft:deepslate_brick_stairs":22,"minecraft:obsidian":28,"minecraft:iron_bars":1,"minecraft:cod":5,"minecraft:cobblestone":3092,"minecraft:birch_log":122,"minecraft:pink_petals":68,"minecraft:magma_block":11,"minecraft:cooked_beef":24,"minecraft:feather":4,"minecraft:lilac":6,"minecraft:cherry_planks":3,"minecraft:water_bucket":5,"minecraft:andesite":119,"minecraft:jungle_log":39,"minecraft:golden_leggings":2,"minecraft:smoker":1,"minecraft:potato":16,"minecraft:flint":24,"minecraft:tuff":2,"minecraft:acacia_boat":7,"minecraft:lapis_lazuli":129,"minecraft:dirt":1352,"minecraft:lantern":6,"minecraft:bone":7,"minecraft:acacia_planks":258,"minecraft:stonecutter":10,"minecraft:bow":6,"minecraft:orange_tulip":7,"minecraft:wheat_seeds":498,"minecraft:raw_gold":82,"minecraft:bell":4,"minecraft:bamboo":49,"minecraft:stone_hoe":1,"minecraft:oak_planks":99,"minecraft:music_disc_13":1,"minecraft:jungle_planks":12,"minecraft:bamboo_raft":3,"minecraft:sand":89,"minecraft:loom":2,"minecraft:acacia_stairs":285,"minecraft:lily_of_the_valley":2,"minecraft:red_terracotta":67,"minecraft:jungle_leaves":36,"minecraft:diamond":6,"minecraft:granite":57,"minecraft:bone_meal":37,"minecraft:bread":16,"minecraft:oak_sapling":66,"minecraft:netherrack":119,"minecraft:oak_leaves":50,"minecraft:diamond_pickaxe":11,"minecraft:charcoal":4,"minecraft:cocoa_beans":2,"minecraft:crafting_table":12,"minecraft:allium":2,"minecraft:azure_bluet":14,"minecraft:chicken":1,"minecraft:ladder":11,"minecraft:clay_ball":212,"minecraft:golden_pickaxe":1,"minecraft:brown_mushroom":6,"minecraft:wooden_pickaxe":1,"minecraft:stone_brick_wall":1,"minecraft:gold_block":1,"minecraft:shield":11,"minecraft:cornflower":2,"minecraft:red_bed":3,"minecraft:stone_stairs":96,"minecraft:iron_axe":1,"minecraft:acacia_door":13,"minecraft:flint_and_steel":1,"minecraft:compass":3,"minecraft:iron_shovel":2,"minecraft:birch_fence":5,"minecraft:glass_pane":4,"minecraft:cracked_stone_bricks":1,"minecraft:beef":95,"minecraft:iron_nugget":31,"minecraft:poppy":32,"minecraft:sugar_cane":116,"minecraft:chest":6,"minecraft:birch_sapling":33,"minecraft:egg":19,"minecraft:raw_iron":301,"minecraft:copper_ingot":1,"minecraft:fire_charge":2,"minecraft:carrot":20,"minecraft:redstone":188,"minecraft:arrow":29,"minecraft:stone_shovel":2,"minecraft:golden_hoe":2,"minecraft:beetroot_seeds":9,"minecraft:peony":14,"minecraft:shears":4,"minecraft:hay_block":43,"minecraft:yellow_terracotta":31,"minecraft:saddle":1,"minecraft:mutton":48,"minecraft:white_wool":41,"minecraft:stripped_oak_log":1,"minecraft:jungle_boat":2,"minecraft:clock":1,"minecraft:glow_ink_sac":2,"minecraft:salmon":11,"minecraft:leather":90,"minecraft:jungle_fence":5,"minecraft:red_mushroom":1,"minecraft:acacia_wood":24,"minecraft:oak_log":140,"minecraft:yellow_glazed_terracotta":8,"minecraft:cobblestone_wall":16,"minecraft:gunpowder":4,"minecraft:cobblestone_stairs":19,"minecraft:cooked_mutton":43,"minecraft:red_carpet":3,"minecraft:apple":6,"minecraft:stone_bricks":63,"minecraft:kelp":10,"minecraft:acacia_trapdoor":4,"minecraft:oak_fence_gate":6,"minecraft:stone_pickaxe":5,"minecraft:acacia_sapling":13,"minecraft:book":6,"minecraft:smooth_basalt":3,"minecraft:pumpkin":23,"minecraft:sweet_berries":160,"minecraft:dandelion":17,"minecraft:dripstone_block":10,"minecraft:gravel":97,"minecraft:spruce_sapling":4,"minecraft:white_bed":7,"minecraft:spruce_log":14,"minecraft:crying_obsidian":2,"minecraft:purple_bed":4,"minecraft:stone_axe":2,"minecraft:short_grass":5,"minecraft:iron_helmet":4,"minecraft:diamond_axe":6,"minecraft:cherry_sapling":32,"minecraft:gray_wool":6,"minecraft:melon_seeds":22,"minecraft:brown_banner":15,"minecraft:acacia_slab":48,"minecraft:black_wool":2,"minecraft:coal":490},"minecraft:mined":{"minecraft:white_bed":4,"minecraft:oak_sapling":2,"minecraft:farmland":52,"minecraft:cobblestone_stairs":18,"minecraft:cherry_log":36,"minecraft:jungle_leaves":45,"minecraft:brewing_stand":1,"minecraft:obsidian":31,"minecraft:granite":15,"minecraft:budding_amethyst":1,"minecraft:acacia_log":275,"minecraft:stone_brick_wall":1,"minecraft:grass_block":651,"minecraft:jungle_log":39,"minecraft:composter":7,"minecraft:acacia_pressure_plate":4,"minecraft:spawner":1,"minecraft:tall_seagrass":5,"minecraft:magma_block":14,"minecraft:iron_ore":122,"minecraft:cobbled_deepslate":4,"minecraft:fire":19,"minecraft:pumpkin":14,"minecraft:deepslate_lapis_ore":1,"minecraft:azure_bluet":7,"minecraft:pointed_dripstone":49,"minecraft:water_cauldron":2,"minecraft:dirt_path":194,"minecraft:iron_bars":1,"minecraft:deepslate_brick_stairs":6,"minecraft:orange_bed":3,"minecraft:deepslate_redstone_ore":2,"minecraft:brown_mushroom":4,"minecraft:red_bed":3,"minecraft:kelp_plant":2,"minecraft:melon_stem":13,"minecraft:medium_amethyst_bud":1,"minecraft:smoker":1,"minecraft:clay":53,"minecraft:torch":5,"minecraft:calcite":1,"minecraft:poppy":28,"minecraft:melon":27,"minecraft:chest":4,"minecraft:dead_bush":1,"minecraft:cobblestone":143,"minecraft:oak_planks":3,"minecraft:sugar_cane":65,"minecraft:wall_torch":5,"minecraft:deepslate_copper_ore":4,"minecraft:pink_petals":12,"minecraft:seagrass":6,"minecraft:stone_stairs":72,"minecraft:birch_log":102,"minecraft:wheat":216,"minecraft:lilac":8,"minecraft:brown_wall_banner":13,"minecraft:orange_tulip":4,"minecraft:yellow_glazed_terracotta":8,"minecraft:stone_brick_stairs":2,"minecraft:smooth_stone_slab":11,"minecraft:oak_log":142,"minecraft:beetroots":9,"minecraft:oak_fence_gate":6,"minecraft:acacia_fence":26,"minecraft:loom":2,"minecraft:sand":89,"minecraft:dirt":267,"minecraft:smooth_basalt":2,"minecraft:stonecutter":10,"minecraft:netherrack":127,"minecraft:oak_leaves":135,"minecraft:deepslate":388,"minecraft:crying_obsidian":3,"minecraft:yellow_terracotta":31,"minecraft:diamond_ore":1,"minecraft:tuff":6,"minecraft:red_carpet":3,"minecraft:deepslate_diamond_ore":2,"minecraft:cherry_sapling":5,"minecraft:glow_lichen":1,"minecraft:ladder":10,"minecraft:spruce_leaves":26,"minecraft:acacia_slab":31,"minecraft:red_mushroom":1,"minecraft:large_fern":2,"minecraft:hay_block":37,"minecraft:redstone_ore":8,"minecraft:furnace":1,"minecraft:carrots":20,"minecraft:acacia_trapdoor":4,"minecraft:acacia_wood":24,"minecraft:andesite":44,"minecraft:acacia_stairs":203,"minecraft:peony":13,"minecraft:gold_block":1,"minecraft:bell":1,"minecraft:bookshelf":2,"minecraft:potatoes":13,"minecraft:deepslate_iron_ore":23,"minecraft:vine":20,"minecraft:lantern":4,"minecraft:potted_spruce_sapling":1,"minecraft:stripped_oak_log":1,"minecraft:packed_ice":5,"minecraft:bamboo":4,"minecraft:stone":1323,"minecraft:white_tulip":1,"minecraft:smithing_table":1,"minecraft:acacia_leaves":12,"minecraft:glass_pane":22,"minecraft:lily_of_the_valley":1,"minecraft:copper_door":1,"minecraft:dandelion":21,"minecraft:oak_fence":29,"minecraft:crafting_table":11,"minecraft:cornflower":2,"minecraft:short_grass":508,"minecraft:campfire":1,"minecraft:copper_ore":19,"minecraft:tall_grass":51,"minecraft:lapis_ore":9,"minecraft:deepslate_gold_ore":34,"minecraft:diorite":49,"minecraft:purple_bed":3,"minecraft:red_terracotta":67,"minecraft:cobblestone_wall":16,"minecraft:sweet_berry_bush":40,"minecraft:spruce_log":10,"minecraft:birch_leaves":8,"minecraft:jungle_fence":5,"minecraft:coal_ore":369,"minecraft:cherry_leaves":17,"minecraft:acacia_door":11,"minecraft:gravel":82,"minecraft:dripstone_block":11,"minecraft:cracked_stone_bricks":2,"minecraft:acacia_planks":239,"minecraft:stone_bricks":38,"minecraft:birch_fence":5,"minecraft:fern":4}},"DataVersion":3955}