{"stats":{"minecraft:crafted":{"minecraft:wooden_sword":1,"minecraft:oak_planks":264,"minecraft:stone":346,"minecraft:bone_meal":12,"minecraft:cooked_mutton":15,"minecraft:deepslate_brick_stairs":14,"minecraft:iron_axe":1,"minecraft:stone_pickaxe":2,"minecraft:chest":2,"minecraft:cooked_beef":10,"minecraft:diamond_sword":1,"minecraft:cooked_porkchop":12,"minecraft:wooden_pickaxe":1,"minecraft:birch_planks":24,"minecraft:stone_axe":1,"minecraft:air":0,"minecraft:stick":40,"minecraft:wooden_axe":1,"minecraft:stone_sword":1,"minecraft:iron_shovel":1,"minecraft:stonecutter":1,"minecraft:torch":136},"minecraft:used":{"minecraft:peony":3,"minecraft:cherry_sapling":3,"minecraft:stone_sword":146,"minecraft:iron_shovel":152,"minecraft:chest":2,"minecraft:shield":31,"minecraft:stone":110,"minecraft:netherrack":31,"minecraft:torch":92,"minecraft:dirt":161,"minecraft:stone_stairs":74,"minecraft:tuff":1,"minecraft:wooden_axe":26,"minecraft:iron_axe":51,"minecraft:birch_sapling":1,"minecraft:stone_bricks":191,"minecraft:bow":2,"minecraft:oak_sapling":4,"minecraft:cobbled_deepslate":4,"minecraft:cooked_mutton":26,"minecraft:diorite":2,"minecraft:stone_pickaxe":260,"minecraft:oak_planks":81,"minecraft:wooden_pickaxe":43,"minecraft:stonecutter":1,"minecraft:deepslate_brick_stairs":6,"minecraft:oak_log":34,"minecraft:diamond_pickaxe":811,"minecraft:iron_pickaxe":236,"minecraft:stone_axe":132,"minecraft:diamond_sword":86,"minecraft:wooden_sword":56,"minecraft:cobblestone":81,"minecraft:cooked_porkchop":5,"minecraft:andesite":10},"minecraft:custom":{"minecraft:mob_kills":50,"minecraft:interact_with_crafting_table":15,"minecraft:leave_game":1,"minecraft:time_since_death":22880,"minecraft:sprint_one_cm":633073,"minecraft:walk_one_cm":953007,"minecraft:damage_blocked_by_shield":1233,"minecraft:drop":15,"minecraft:play_time":234474,"minecraft:deaths":5,"minecraft:sneak_time":845,"minecraft:walk_under_water_one_cm":27421,"minecraft:jump":2441,"minecraft:walk_on_water_one_cm":44008,"minecraft:total_world_time":234474,"minecraft:interact_with_furnace":89,"minecraft:interact_with_stonecutter":18,"minecraft:sleep_in_bed":9,"minecraft:time_since_rest":20926,"minecraft:damage_taken":3051,"minecraft:damage_dealt":7389,"minecraft:swim_one_cm":15880,"minecraft:fly_one_cm":76468,"minecraft:open_chest":63,"minecraft:crouch_one_cm":916,"minecraft:fall_one_cm":24522},"minecraft:broken":{"minecraft:stone_sword":1,"minecraft:stone_pickaxe":2,"minecraft:wooden_sword":1,"minecraft:stone_axe":1,"minecraft:iron_pickaxe":1},"minecraft:dropped":{"minecraft:glow_ink_sac":1,"minecraft:orange_tulip":2,"minecraft:flint":4,"minecraft:wooden_axe":1,"minecraft:string":1,"minecraft:white_wool":1,"minecraft:stone_axe":1,"minecraft:rotten_flesh":1,"minecraft:azure_bluet":6,"minecraft:stone":2,"minecraft:peony":1,"minecraft:wooden_pickaxe":1},"minecraft:killed_by":{"minecraft:zombie":5},"minecraft:killed":{"minecraft:spider":1,"minecraft:skeleton":7,"minecraft:pig":7,"minecraft:salmon":3,"minecraft:sheep":12,"minecraft:pillager":9,"minecraft:zombie":6,"minecraft:cow":4},"minecraft:picked_up":{"minecraft:iron_chestplate":4,"minecraft:azure_bluet":6,"minecraft:wooden_pickaxe":1,"minecraft:gold_block":1,"minecraft:stone_brick_stairs":2,"minecraft:shield":6,"minecraft:string":4,"minecraft:stone_stairs":35,"minecraft:raw_copper":53,"minecraft:iron_axe":1,"minecraft:iron_leggings":5,"minecraft:iron_shovel":2,"minecraft:cracked_stone_bricks":1,"minecraft:cobbled_deepslate":828,"minecraft:beef":20,"minecraft:calcite":1,"minecraft:iron_pickaxe":2,"minecraft:sugar_cane":10,"minecraft:birch_sapling":29,"minecraft:egg":2,"minecraft:iron_boots":6,"minecraft:stick":48,"minecraft:raw_iron":160,"minecraft:torch":159,"minecraft:porkchop":18,"minecraft:cherry_log":96,"minecraft:diorite":94,"minecraft:redstone":9,"minecraft:rotten_flesh":5,"minecraft:stone_sword":1,"minecraft:arrow":4,"minecraft:peony":4,"minecraft:deepslate_brick_stairs":16,"minecraft:obsidian":9,"minecraft:mutton":22,"minecraft:iron_bars":1,"minecraft:white_wool":11,"minecraft:cobblestone":1778,"minecraft:birch_log":67,"minecraft:magma_block":10,"minecraft:pink_petals":68,"minecraft:glow_ink_sac":2,"minecraft:salmon":4,"minecraft:andesite":10,"minecraft:leather":15,"minecraft:flint":6,"minecraft:tuff":2,"minecraft:oak_log":49,"minecraft:lapis_lazuli":104,"minecraft:dirt":185,"minecraft:cooked_mutton":26,"minecraft:stone_bricks":23,"minecraft:bow":5,"minecraft:wheat_seeds":6,"minecraft:orange_tulip":3,"minecraft:raw_gold":38,"minecraft:stone_pickaxe":5,"minecraft:oak_planks":99,"minecraft:smooth_basalt":3,"minecraft:pumpkin":16,"minecraft:gravel":45,"minecraft:lily_of_the_valley":1,"minecraft:crying_obsidian":2,"minecraft:diamond":6,"minecraft:stone_axe":2,"minecraft:iron_helmet":4,"minecraft:bone_meal":36,"minecraft:granite":56,"minecraft:cherry_sapling":14,"minecraft:gray_wool":3,"minecraft:oak_sapling":41,"minecraft:netherrack":60,"minecraft:black_wool":2,"minecraft:coal":108,"minecraft:diamond_pickaxe":3},"minecraft:mined":{"minecraft:crying_obsidian":2,"minecraft:diamond_ore":1,"minecraft:tuff":6,"minecraft:deepslate_diamond_ore":2,"minecraft:cherry_log":16,"minecraft:obsidian":10,"minecraft:glow_lichen":1,"minecraft:granite":14,"minecraft:budding_amethyst":1,"minecraft:grass_block":37,"minecraft:spawner":1,"minecraft:magma_block":12,"minecraft:cobbled_deepslate":4,"minecraft:fire":7,"minecraft:iron_ore":52,"minecraft:andesite":14,"minecraft:pumpkin":8,"minecraft:deepslate_lapis_ore":1,"minecraft:peony":2,"minecraft:gold_block":1,"minecraft:deepslate_iron_ore":12,"minecraft:dirt_path":2,"minecraft:iron_bars":1,"minecraft:stone":549,"minecraft:deepslate_redstone_ore":2,"minecraft:lily_of_the_valley":1,"minecraft:medium_amethyst_bud":1,"minecraft:torch":2,"minecraft:short_grass":40,"minecraft:calcite":1,"minecraft:cobblestone":12,"minecraft:tall_grass":9,"minecraft:copper_ore":4,"minecraft:lapis_ore":8,"minecraft:deepslate_gold_ore":30,"minecraft:sugar_cane":3,"minecraft:oak_planks":3,"minecraft:diorite":41,"minecraft:pink_petals":12,"minecraft:stone_stairs":11,"minecraft:birch_log":67,"minecraft:birch_leaves":4,"minecraft:orange_tulip":1,"minecraft:stone_brick_stairs":2,"minecraft:oak_log":45,"minecraft:coal_ore":102,"minecraft:cherry_leaves":16,"minecraft:gravel":49,"minecraft:dirt":103,"minecraft:cracked_stone_bricks":1,"minecraft:smooth_basalt":2,"minecraft:stone_bricks":17,"minecraft:netherrack":66,"minecraft:oak_leaves":19,"minecraft:deepslate":322}},"DataVersion":3955}