{"stats":{"minecraft:mined":{"minecraft:white_bed":4,"minecraft:farmland":43,"minecraft:cobblestone_stairs":1,"minecraft:cherry_log":36,"minecraft:jungle_leaves":4,"minecraft:brewing_stand":1,"minecraft:obsidian":29,"minecraft:granite":15,"minecraft:budding_amethyst":1,"minecraft:acacia_log":124,"minecraft:grass_block":434,"minecraft:jungle_log":34,"minecraft:composter":3,"minecraft:acacia_pressure_plate":1,"minecraft:spawner":1,"minecraft:tall_seagrass":5,"minecraft:magma_block":13,"minecraft:iron_ore":105,"minecraft:cobbled_deepslate":4,"minecraft:fire":19,"minecraft:pumpkin":14,"minecraft:deepslate_lapis_ore":1,"minecraft:azure_bluet":3,"minecraft:pointed_dripstone":49,"minecraft:water_cauldron":2,"minecraft:dirt_path":109,"minecraft:iron_bars":1,"minecraft:deepslate_brick_stairs":6,"minecraft:orange_bed":1,"minecraft:deepslate_redstone_ore":2,"minecraft:brown_mushroom":4,"minecraft:red_bed":3,"minecraft:kelp_plant":2,"minecraft:melon_stem":10,"minecraft:medium_amethyst_bud":1,"minecraft:smoker":1,"minecraft:clay":16,"minecraft:torch":3,"minecraft:calcite":1,"minecraft:poppy":3,"minecraft:melon":6,"minecraft:chest":3,"minecraft:dead_bush":1,"minecraft:cobblestone":64,"minecraft:oak_planks":3,"minecraft:sugar_cane":10,"minecraft:wall_torch":4,"minecraft:pink_petals":12,"minecraft:seagrass":3,"minecraft:stone_stairs":72,"minecraft:birch_log":102,"minecraft:wheat":169,"minecraft:lilac":8,"minecraft:brown_wall_banner":11,"minecraft:orange_tulip":4,"minecraft:stone_brick_stairs":2,"minecraft:smooth_stone_slab":11,"minecraft:oak_log":120,"minecraft:beetroots":9,"minecraft:oak_fence_gate":6,"minecraft:acacia_fence":7,"minecraft:sand":66,"minecraft:dirt":228,"minecraft:smooth_basalt":2,"minecraft:stonecutter":2,"minecraft:netherrack":107,"minecraft:oak_leaves":78,"minecraft:deepslate":322,"minecraft:crying_obsidian":3,"minecraft:diamond_ore":1,"minecraft:red_carpet":3,"minecraft:tuff":6,"minecraft:deepslate_diamond_ore":2,"minecraft:cherry_sapling":5,"minecraft:glow_lichen":1,"minecraft:spruce_leaves":26,"minecraft:acacia_slab":23,"minecraft:red_mushroom":1,"minecraft:large_fern":2,"minecraft:hay_block":24,"minecraft:furnace":1,"minecraft:carrots":20,"minecraft:acacia_wood":13,"minecraft:acacia_stairs":86,"minecraft:andesite":14,"minecraft:peony":13,"minecraft:gold_block":1,"minecraft:potatoes":13,"minecraft:deepslate_iron_ore":12,"minecraft:vine":12,"minecraft:lantern":3,"minecraft:potted_spruce_sapling":1,"minecraft:stripped_oak_log":1,"minecraft:packed_ice":5,"minecraft:bamboo":4,"minecraft:stone":960,"minecraft:white_tulip":1,"minecraft:acacia_leaves":4,"minecraft:glass_pane":9,"minecraft:lily_of_the_valley":1,"minecraft:dandelion":3,"minecraft:oak_fence":29,"minecraft:crafting_table":8,"minecraft:short_grass":417,"minecraft:campfire":1,"minecraft:copper_ore":9,"minecraft:tall_grass":41,"minecraft:deepslate_gold_ore":30,"minecraft:lapis_ore":8,"minecraft:diorite":41,"minecraft:purple_bed":3,"minecraft:red_terracotta":63,"minecraft:cobblestone_wall":16,"minecraft:sweet_berry_bush":40,"minecraft:spruce_log":10,"minecraft:birch_leaves":8,"minecraft:jungle_fence":5,"minecraft:coal_ore":338,"minecraft:cherry_leaves":17,"minecraft:dripstone_block":11,"minecraft:gravel":73,"minecraft:acacia_door":5,"minecraft:cracked_stone_bricks":2,"minecraft:acacia_planks":122,"minecraft:stone_bricks":17,"minecraft:birch_fence":5,"minecraft:fern":3},"minecraft:broken":{"minecraft:wooden_shovel":2,"minecraft:golden_shovel":1,"minecraft:golden_leggings":1,"minecraft:stone_pickaxe":2,"minecraft:diamond_pickaxe":1,"minecraft:wooden_sword":1,"minecraft:stone_axe":2,"minecraft:wooden_axe":1,"minecraft:stone_shovel":3,"minecraft:stone_sword":1,"minecraft:golden_axe":1,"minecraft:iron_pickaxe":1},"minecraft:custom":{"minecraft:animals_bred":7,"minecraft:interact_with_crafting_table":91,"minecraft:open_barrel":2,"minecraft:bell_ring":1,"minecraft:leave_game":5,"minecraft:time_since_death":184607,"minecraft:sprint_one_cm":3226414,"minecraft:damage_blocked_by_shield":1656,"minecraft:drop":41,"minecraft:talked_to_villager":26,"minecraft:play_time":821004,"minecraft:deaths":9,"minecraft:jump":6849,"minecraft:walk_on_water_one_cm":250847,"minecraft:interact_with_furnace":139,"minecraft:traded_with_villager":2,"minecraft:interact_with_cartography_table":1,"minecraft:sleep_in_bed":51,"minecraft:damage_dealt":15595,"minecraft:crouch_one_cm":16249,"minecraft:interact_with_smoker":6,"minecraft:mob_kills":125,"minecraft:climb_one_cm":2356,"minecraft:walk_one_cm":3274549,"minecraft:sneak_time":7665,"minecraft:walk_under_water_one_cm":167036,"minecraft:boat_one_cm":1319740,"minecraft:interact_with_blast_furnace":1,"minecraft:total_world_time":821004,"minecraft:interact_with_stonecutter":24,"minecraft:time_since_rest":455,"minecraft:damage_taken":6495,"minecraft:swim_one_cm":26574,"minecraft:fly_one_cm":325678,"minecraft:open_chest":333,"minecraft:fall_one_cm":72173},"minecraft:used":{"minecraft:peony":3,"minecraft:cherry_sapling":26,"minecraft:iron_shovel":341,"minecraft:poppy":4,"minecraft:chest":9,"minecraft:shield":36,"minecraft:stone":115,"minecraft:jungle_planks":10,"minecraft:acacia_sapling":7,"minecraft:tuff":1,"minecraft:obsidian":6,"minecraft:lava_bucket":4,"minecraft:jungle_fence_gate":1,"minecraft:lantern":6,"minecraft:birch_sapling":2,"minecraft:stone_bricks":191,"minecraft:red_carpet":2,"minecraft:bow":2,"minecraft:hay_block":10,"minecraft:sweet_berries":18,"minecraft:oak_sapling":10,"minecraft:furnace":3,"minecraft:acacia_fence":8,"minecraft:potato":4,"minecraft:short_grass":1,"minecraft:diorite":2,"minecraft:oak_planks":81,"minecraft:stone_pickaxe":260,"minecraft:jungle_fence":21,"minecraft:wooden_pickaxe":43,"minecraft:sugar_cane":16,"minecraft:composter":6,"minecraft:diamond_axe":728,"minecraft:jungle_boat":2,"minecraft:golden_hoe":78,"minecraft:deepslate_brick_stairs":6,"minecraft:birch_fence":35,"minecraft:birch_fence_gate":2,"minecraft:acacia_door":6,"minecraft:melon_slice":6,"minecraft:bread":23,"minecraft:red_terracotta":32,"minecraft:gravel":3,"minecraft:lilac":6,"minecraft:diamond_sword":462,"minecraft:wooden_sword":56,"minecraft:andesite":10,"minecraft:tropical_fish_bucket":5,"minecraft:bone_meal":16,"minecraft:cherry_boat":10,"minecraft:stone_sword":149,"minecraft:acacia_log":48,"minecraft:flint_and_steel":3,"minecraft:stone_shovel":429,"minecraft:wooden_shovel":122,"minecraft:stone_hoe":123,"minecraft:netherrack":62,"minecraft:torch":99,"minecraft:dirt":647,"minecraft:cobblestone_wall":26,"minecraft:stone_stairs":74,"minecraft:cod_bucket":2,"minecraft:golden_shovel":32,"minecraft:wooden_axe":86,"minecraft:bamboo_raft":3,"minecraft:iron_axe":51,"minecraft:acacia_slab":26,"minecraft:jungle_log":1,"minecraft:melon_seeds":10,"minecraft:acacia_wood":11,"minecraft:cooked_beef":19,"minecraft:cobbled_deepslate":4,"minecraft:acacia_planks":135,"minecraft:cherry_log":3,"minecraft:golden_axe":32,"minecraft:wheat_seeds":169,"minecraft:cooked_mutton":43,"minecraft:water_bucket":58,"minecraft:acacia_boat":6,"minecraft:cobblestone_stairs":6,"minecraft:baked_potato":5,"minecraft:stonecutter":3,"minecraft:crafting_table":12,"minecraft:red_bed":5,"minecraft:white_bed":6,"minecraft:smoker":1,"minecraft:oak_log":59,"minecraft:diamond_pickaxe":1993,"minecraft:acacia_stairs":31,"minecraft:iron_pickaxe":236,"minecraft:stone_axe":281,"minecraft:cobblestone":370,"minecraft:purple_bed":2,"minecraft:cooked_porkchop":17,"minecraft:bucket":69,"minecraft:glass_pane":8,"minecraft:stripped_oak_log":1,"minecraft:kelp":8},"minecraft:dropped":{"minecraft:glow_ink_sac":1,"minecraft:cooked_porkchop":2,"minecraft:orange_tulip":6,"minecraft:red_mushroom":1,"minecraft:flint":4,"minecraft:white_wool":1,"minecraft:white_tulip":1,"minecraft:gravel":2,"minecraft:stone_axe":1,"minecraft:rotten_flesh":43,"minecraft:azure_bluet":9,"minecraft:charcoal":4,"minecraft:melon_seeds":4,"minecraft:bread":1,"minecraft:wheat_seeds":7,"minecraft:cobblestone":1,"minecraft:wooden_axe":1,"minecraft:pumpkin":2,"minecraft:iron_shovel":1,"minecraft:string":1,"minecraft:dandelion":1,"minecraft:stone":2,"minecraft:peony":1,"minecraft:wooden_pickaxe":1},"minecraft:picked_up":{"minecraft:wooden_axe":1,"minecraft:iron_chestplate":7,"minecraft:wheat":50,"minecraft:flower_pot":2,"minecraft:diamond_sword":3,"minecraft:acacia_pressure_plate":1,"minecraft:stone_brick_stairs":4,"minecraft:brewing_stand":1,"minecraft:string":4,"minecraft:raw_copper":88,"minecraft:iron_leggings":5,"minecraft:smooth_stone_slab":22,"minecraft:cherry_boat":12,"minecraft:cobbled_deepslate":828,"minecraft:bucket":7,"minecraft:spruce_planks":1,"minecraft:white_tulip":1,"minecraft:calcite":1,"minecraft:wooden_shovel":1,"minecraft:iron_pickaxe":2,"minecraft:melon_slice":39,"minecraft:furnace":1,"minecraft:iron_boots":9,"minecraft:golden_helmet":2,"minecraft:stick":107,"minecraft:acacia_fence":6,"minecraft:composter":3,"minecraft:oak_fence":29,"minecraft:torch":174,"minecraft:acacia_log":122,"minecraft:porkchop":20,"minecraft:cherry_log":116,"minecraft:pointed_dripstone":134,"minecraft:diorite":94,"minecraft:cauldron":2,"minecraft:orange_bed":1,"minecraft:stone_sword":1,"minecraft:rotten_flesh":50,"minecraft:deepslate_brick_stairs":22,"minecraft:obsidian":26,"minecraft:iron_bars":1,"minecraft:cod":5,"minecraft:cobblestone":2270,"minecraft:birch_log":122,"minecraft:pink_petals":68,"minecraft:magma_block":10,"minecraft:cooked_beef":2,"minecraft:feather":4,"minecraft:lilac":6,"minecraft:cherry_planks":3,"minecraft:water_bucket":5,"minecraft:andesite":10,"minecraft:jungle_log":34,"minecraft:golden_leggings":2,"minecraft:smoker":1,"minecraft:potato":16,"minecraft:flint":21,"minecraft:tuff":2,"minecraft:acacia_boat":5,"minecraft:lantern":3,"minecraft:lapis_lazuli":105,"minecraft:dirt":921,"minecraft:bone":1,"minecraft:acacia_planks":116,"minecraft:stonecutter":2,"minecraft:bow":6,"minecraft:orange_tulip":7,"minecraft:wheat_seeds":340,"minecraft:raw_gold":74,"minecraft:bamboo":49,"minecraft:oak_planks":99,"minecraft:music_disc_13":1,"minecraft:bamboo_raft":3,"minecraft:sand":67,"minecraft:acacia_stairs":82,"minecraft:lily_of_the_valley":2,"minecraft:red_terracotta":63,"minecraft:diamond":6,"minecraft:granite":57,"minecraft:bone_meal":37,"minecraft:bread":3,"minecraft:oak_sapling":60,"minecraft:netherrack":99,"minecraft:diamond_pickaxe":6,"minecraft:cocoa_beans":2,"minecraft:charcoal":4,"minecraft:crafting_table":9,"minecraft:allium":2,"minecraft:azure_bluet":14,"minecraft:chicken":1,"minecraft:clay_ball":64,"minecraft:golden_pickaxe":1,"minecraft:brown_mushroom":6,"minecraft:wooden_pickaxe":1,"minecraft:gold_block":1,"minecraft:shield":8,"minecraft:red_bed":3,"minecraft:stone_stairs":96,"minecraft:iron_axe":1,"minecraft:acacia_door":6,"minecraft:flint_and_steel":1,"minecraft:compass":3,"minecraft:iron_shovel":2,"minecraft:birch_fence":5,"minecraft:cracked_stone_bricks":1,"minecraft:beef":90,"minecraft:iron_nugget":21,"minecraft:poppy":7,"minecraft:sugar_cane":26,"minecraft:chest":5,"minecraft:birch_sapling":33,"minecraft:egg":17,"minecraft:raw_iron":216,"minecraft:copper_ingot":1,"minecraft:fire_charge":2,"minecraft:carrot":20,"minecraft:redstone":18,"minecraft:stone_shovel":2,"minecraft:arrow":25,"minecraft:peony":14,"minecraft:beetroot_seeds":9,"minecraft:golden_hoe":2,"minecraft:hay_block":24,"minecraft:saddle":1,"minecraft:mutton":44,"minecraft:white_wool":39,"minecraft:stripped_oak_log":1,"minecraft:jungle_boat":2,"minecraft:clock":1,"minecraft:glow_ink_sac":2,"minecraft:salmon":11,"minecraft:leather":85,"minecraft:jungle_fence":5,"minecraft:red_mushroom":1,"minecraft:acacia_wood":13,"minecraft:oak_log":118,"minecraft:gunpowder":4,"minecraft:cobblestone_wall":16,"minecraft:cobblestone_stairs":1,"minecraft:cooked_mutton":41,"minecraft:red_carpet":3,"minecraft:apple":6,"minecraft:stone_bricks":23,"minecraft:kelp":10,"minecraft:oak_fence_gate":6,"minecraft:stone_pickaxe":5,"minecraft:acacia_sapling":5,"minecraft:smooth_basalt":3,"minecraft:pumpkin":23,"minecraft:sweet_berries":160,"minecraft:dandelion":1,"minecraft:dripstone_block":10,"minecraft:gravel":63,"minecraft:spruce_sapling":4,"minecraft:white_bed":7,"minecraft:spruce_log":14,"minecraft:crying_obsidian":2,"minecraft:purple_bed":4,"minecraft:stone_axe":2,"minecraft:short_grass":1,"minecraft:iron_helmet":4,"minecraft:diamond_axe":1,"minecraft:cherry_sapling":32,"minecraft:gray_wool":6,"minecraft:black_wool":2,"minecraft:brown_banner":11,"minecraft:acacia_slab":24,"minecraft:melon_seeds":20,"minecraft:coal":429},"minecraft:crafted":{"minecraft:oak_planks":324,"minecraft:jungle_fence_gate":1,"minecraft:cherry_boat":1,"minecraft:cobblestone_stairs":6,"minecraft:stone":566,"minecraft:cooked_mutton":22,"minecraft:deepslate_brick_stairs":14,"minecraft:bamboo_block":3,"minecraft:glass":17,"minecraft:birch_fence_gate":3,"minecraft:chest":6,"minecraft:acacia_fence":3,"minecraft:stone_hoe":1,"minecraft:bamboo_raft":1,"minecraft:golden_axe":1,"minecraft:wooden_shovel":2,"minecraft:emerald":2,"minecraft:cooked_porkchop":19,"minecraft:diamond_axe":1,"minecraft:crafting_table":4,"minecraft:spruce_planks":8,"minecraft:acacia_slab":48,"minecraft:wooden_pickaxe":1,"minecraft:baked_potato":5,"minecraft:birch_planks":100,"minecraft:pumpkin_seeds":20,"minecraft:bamboo_planks":6,"minecraft:diamond_pickaxe":1,"minecraft:birch_fence":39,"minecraft:stick":86,"minecraft:iron_ingot":88,"minecraft:stone_sword":2,"minecraft:acacia_door":3,"minecraft:gold_ingot":37,"minecraft:composter":4,"minecraft:cherry_planks":8,"minecraft:wooden_sword":1,"minecraft:stone_shovel":3,"minecraft:iron_nugget":27,"minecraft:furnace":2,"minecraft:bone_meal":15,"minecraft:glass_pane":16,"minecraft:lantern":6,"minecraft:iron_axe":1,"minecraft:stone_pickaxe":2,"minecraft:cobblestone_wall":12,"minecraft:jungle_fence":21,"minecraft:golden_helmet":1,"minecraft:wheat":54,"minecraft:cooked_beef":28,"minecraft:red_dye":3,"minecraft:diamond_sword":1,"minecraft:red_bed":2,"minecraft:golden_shovel":1,"minecraft:bucket":3,"minecraft:acacia_stairs":32,"minecraft:stone_axe":2,"minecraft:acacia_boat":1,"minecraft:air":0,"minecraft:jungle_planks":116,"minecraft:wooden_axe":2,"minecraft:iron_shovel":2,"minecraft:stonecutter":2,"minecraft:white_bed":2,"minecraft:acacia_planks":228,"minecraft:torch":140},"minecraft:killed_by":{"minecraft:drowned":1,"minecraft:zombie":5,"minecraft:skeleton":1},"minecraft:killed":{"minecraft:spider":3,"minecraft:cod":5,"minecraft:skeleton":10,"minecraft:pig":8,"minecraft:zombie_villager":1,"minecraft:salmon":11,"minecraft:sheep":27,"minecraft:pillager":10,"minecraft:zombie":17,"minecraft:cow":29,"minecraft:drowned":2}},"DataVersion":3955}