{"stats":{"minecraft:mined":{"minecraft:white_bed":4,"minecraft:oak_sapling":2,"minecraft:farmland":52,"minecraft:mossy_stone_brick_slab":1,"minecraft:cherry_log":36,"minecraft:cobblestone_stairs":30,"minecraft:jungle_leaves":59,"minecraft:brewing_stand":1,"minecraft:obsidian":31,"minecraft:granite":32,"minecraft:budding_amethyst":2,"minecraft:acacia_log":282,"minecraft:stone_brick_wall":1,"minecraft:grass_block":705,"minecraft:jungle_log":39,"minecraft:composter":7,"minecraft:acacia_pressure_plate":4,"minecraft:spawner":1,"minecraft:tall_seagrass":5,"minecraft:magma_block":14,"minecraft:iron_ore":174,"minecraft:cobbled_deepslate":17,"minecraft:fire":19,"minecraft:pumpkin":14,"minecraft:deepslate_lapis_ore":4,"minecraft:azure_bluet":7,"minecraft:pointed_dripstone":49,"minecraft:water_cauldron":2,"minecraft:dirt_path":204,"minecraft:iron_bars":3,"minecraft:deepslate_brick_stairs":6,"minecraft:orange_bed":7,"minecraft:deepslate_redstone_ore":7,"minecraft:brown_mushroom":4,"minecraft:red_bed":5,"minecraft:kelp_plant":2,"minecraft:melon_stem":13,"minecraft:medium_amethyst_bud":1,"minecraft:smoker":1,"minecraft:orange_terracotta":31,"minecraft:clay":53,"minecraft:torch":6,"minecraft:calcite":51,"minecraft:poppy":28,"minecraft:melon":27,"minecraft:chest":6,"minecraft:dead_bush":1,"minecraft:cobblestone":159,"minecraft:oak_planks":5,"minecraft:sugar_cane":116,"minecraft:wall_torch":5,"minecraft:amethyst_block":24,"minecraft:deepslate_copper_ore":4,"minecraft:pink_petals":12,"minecraft:seagrass":6,"minecraft:stone_stairs":72,"minecraft:birch_log":102,"minecraft:wheat":224,"minecraft:lilac":8,"minecraft:brown_wall_banner":13,"minecraft:orange_tulip":4,"minecraft:yellow_glazed_terracotta":8,"minecraft:stone_brick_stairs":2,"minecraft:smooth_stone_slab":11,"minecraft:oak_log":142,"minecraft:beetroots":9,"minecraft:oak_fence_gate":6,"minecraft:acacia_fence":30,"minecraft:loom":2,"minecraft:sand":89,"minecraft:dirt":274,"minecraft:smooth_basalt":70,"minecraft:stonecutter":10,"minecraft:netherrack":149,"minecraft:oak_leaves":140,"minecraft:deepslate":529,"minecraft:crying_obsidian":3,"minecraft:yellow_terracotta":31,"minecraft:diamond_ore":1,"minecraft:tuff":63,"minecraft:red_carpet":3,"minecraft:deepslate_diamond_ore":6,"minecraft:cherry_sapling":5,"minecraft:glow_lichen":1,"minecraft:ladder":10,"minecraft:spruce_leaves":26,"minecraft:acacia_slab":31,"minecraft:red_mushroom":1,"minecraft:large_fern":2,"minecraft:hay_block":37,"minecraft:redstone_ore":8,"minecraft:furnace":1,"minecraft:carrots":20,"minecraft:acacia_trapdoor":4,"minecraft:acacia_wood":24,"minecraft:andesite":59,"minecraft:acacia_stairs":203,"minecraft:peony":13,"minecraft:gold_block":3,"minecraft:bell":1,"minecraft:bookshelf":2,"minecraft:potatoes":13,"minecraft:deepslate_iron_ore":88,"minecraft:vine":48,"minecraft:lantern":4,"minecraft:potted_spruce_sapling":1,"minecraft:stripped_oak_log":1,"minecraft:packed_ice":5,"minecraft:bamboo":4,"minecraft:white_tulip":1,"minecraft:stone":1567,"minecraft:smithing_table":1,"minecraft:acacia_leaves":12,"minecraft:glass_pane":23,"minecraft:lily_of_the_valley":1,"minecraft:stone_brick_slab":3,"minecraft:dandelion":21,"minecraft:copper_door":1,"minecraft:oak_fence":29,"minecraft:crafting_table":11,"minecraft:cornflower":2,"minecraft:short_grass":541,"minecraft:campfire":1,"minecraft:copper_ore":19,"minecraft:tall_grass":52,"minecraft:lapis_ore":19,"minecraft:deepslate_gold_ore":63,"minecraft:diorite":88,"minecraft:purple_bed":3,"minecraft:red_terracotta":67,"minecraft:cobblestone_wall":16,"minecraft:sweet_berry_bush":40,"minecraft:spruce_log":10,"minecraft:birch_leaves":8,"minecraft:jungle_fence":5,"minecraft:coal_ore":482,"minecraft:acacia_door":14,"minecraft:cherry_leaves":17,"minecraft:gravel":88,"minecraft:dripstone_block":11,"minecraft:cracked_stone_bricks":2,"minecraft:acacia_planks":300,"minecraft:stone_bricks":41,"minecraft:gold_ore":2,"minecraft:birch_fence":5,"minecraft:fern":6},"minecraft:broken":{"minecraft:golden_helmet":1,"minecraft:iron_shovel":2,"minecraft:wooden_shovel":2,"minecraft:iron_boots":1,"minecraft:iron_chestplate":1,"minecraft:golden_shovel":1,"minecraft:golden_leggings":1,"minecraft:stone_pickaxe":2,"minecraft:diamond_pickaxe":2,"minecraft:wooden_sword":1,"minecraft:stone_axe":2,"minecraft:wooden_axe":1,"minecraft:stone_shovel":4,"minecraft:stone_sword":1,"minecraft:golden_axe":1,"minecraft:iron_pickaxe":4},"minecraft:custom":{"minecraft:animals_bred":7,"minecraft:interact_with_crafting_table":142,"minecraft:open_barrel":2,"minecraft:bell_ring":2,"minecraft:leave_game":7,"minecraft:time_since_death":151400,"minecraft:sprint_one_cm":5054200,"minecraft:damage_blocked_by_shield":2423,"minecraft:drop":96,"minecraft:talked_to_villager":62,"minecraft:play_time":1275804,"minecraft:deaths":16,"minecraft:jump":9507,"minecraft:interact_with_brewingstand":1,"minecraft:walk_on_water_one_cm":357833,"minecraft:interact_with_furnace":192,"minecraft:traded_with_villager":3,"minecraft:interact_with_cartography_table":1,"minecraft:sleep_in_bed":83,"minecraft:damage_dealt":23843,"minecraft:crouch_one_cm":26603,"minecraft:interact_with_smoker":6,"minecraft:interact_with_smithing_table":2,"minecraft:mob_kills":175,"minecraft:climb_one_cm":23763,"minecraft:walk_one_cm":4883836,"minecraft:sneak_time":15442,"minecraft:walk_under_water_one_cm":263446,"minecraft:boat_one_cm":1573113,"minecraft:interact_with_blast_furnace":1,"minecraft:total_world_time":1275804,"minecraft:interact_with_stonecutter":39,"minecraft:time_since_rest":30907,"minecraft:damage_taken":10691,"minecraft:swim_one_cm":50254,"minecraft:fly_one_cm":450181,"minecraft:open_chest":487,"minecraft:fall_one_cm":110741},"minecraft:used":{"minecraft:peony":3,"minecraft:cherry_sapling":26,"minecraft:iron_shovel":697,"minecraft:ladder":15,"minecraft:poppy":14,"minecraft:shield":59,"minecraft:chest":12,"minecraft:stone":115,"minecraft:bell":1,"minecraft:jungle_planks":10,"minecraft:acacia_sapling":10,"minecraft:acacia_button":4,"minecraft:tuff":46,"minecraft:obsidian":14,"minecraft:lava_bucket":4,"minecraft:jungle_fence_gate":1,"minecraft:lantern":15,"minecraft:birch_sapling":2,"minecraft:stone_bricks":315,"minecraft:red_carpet":2,"minecraft:bow":2,"minecraft:hay_block":10,"minecraft:sweet_berries":18,"minecraft:oak_sapling":14,"minecraft:yellow_glazed_terracotta":2,"minecraft:furnace":3,"minecraft:acacia_fence":31,"minecraft:gold_block":2,"minecraft:potato":4,"minecraft:short_grass":5,"minecraft:diorite":14,"minecraft:oak_planks":83,"minecraft:copper_door":2,"minecraft:stone_pickaxe":260,"minecraft:jungle_fence":21,"minecraft:acacia_trapdoor":8,"minecraft:wooden_pickaxe":43,"minecraft:sugar_cane":58,"minecraft:composter":8,"minecraft:diamond_axe":1414,"minecraft:jungle_boat":2,"minecraft:oak_leaves":24,"minecraft:yellow_terracotta":30,"minecraft:golden_hoe":78,"minecraft:sand":6,"minecraft:loom":2,"minecraft:stone_brick_wall":2,"minecraft:shears":153,"minecraft:deepslate_brick_stairs":6,"minecraft:birch_fence":35,"minecraft:birch_fence_gate":2,"minecraft:acacia_door":17,"minecraft:melon_slice":6,"minecraft:bread":48,"minecraft:red_terracotta":44,"minecraft:gravel":5,"minecraft:lilac":6,"minecraft:diamond_sword":766,"minecraft:wooden_sword":56,"minecraft:smithing_table":2,"minecraft:andesite":25,"minecraft:tropical_fish_bucket":5,"minecraft:cherry_boat":10,"minecraft:bone_meal":16,"minecraft:iron_bars":1,"minecraft:jungle_leaves":4,"minecraft:enchanting_table":1,"minecraft:stone_sword":149,"minecraft:acacia_log":135,"minecraft:flint_and_steel":3,"minecraft:stone_shovel":588,"minecraft:wooden_shovel":122,"minecraft:stone_hoe":123,"minecraft:netherrack":64,"minecraft:orange_bed":6,"minecraft:torch":217,"minecraft:dirt":1191,"minecraft:cobblestone_wall":28,"minecraft:stone_stairs":74,"minecraft:cod_bucket":2,"minecraft:golden_shovel":32,"minecraft:granite":2,"minecraft:fern":2,"minecraft:mossy_cobblestone_stairs":4,"minecraft:wooden_axe":86,"minecraft:bamboo_raft":3,"minecraft:bookshelf":8,"minecraft:iron_axe":51,"minecraft:acacia_slab":38,"minecraft:jungle_log":1,"minecraft:melon_seeds":10,"minecraft:smooth_basalt":11,"minecraft:bamboo":11,"minecraft:acacia_wood":12,"minecraft:cooked_beef":43,"minecraft:cobbled_deepslate":41,"minecraft:acacia_planks":355,"minecraft:cherry_log":3,"minecraft:orange_terracotta":31,"minecraft:golden_axe":46,"minecraft:calcite":11,"minecraft:wheat_seeds":177,"minecraft:cooked_mutton":57,"minecraft:water_bucket":74,"minecraft:acacia_boat":8,"minecraft:cobblestone_stairs":81,"minecraft:baked_potato":5,"minecraft:stonecutter":10,"minecraft:mossy_cobblestone":4,"minecraft:vine":2,"minecraft:crafting_table":16,"minecraft:red_bed":7,"minecraft:white_bed":6,"minecraft:smoker":1,"minecraft:oak_log":59,"minecraft:acacia_stairs":114,"minecraft:diamond_pickaxe":3172,"minecraft:iron_pickaxe":988,"minecraft:stone_axe":281,"minecraft:purple_bed":2,"minecraft:cobblestone":654,"minecraft:acacia_pressure_plate":2,"minecraft:cooked_porkchop":19,"minecraft:bucket":86,"minecraft:glass_pane":32,"minecraft:stripped_oak_log":1,"minecraft:dandelion":9,"minecraft:kelp":8},"minecraft:dropped":{"minecraft:glow_ink_sac":1,"minecraft:cooked_porkchop":2,"minecraft:orange_tulip":6,"minecraft:red_mushroom":1,"minecraft:flint":4,"minecraft:white_wool":1,"minecraft:gravel":9,"minecraft:white_tulip":1,"minecraft:stone_axe":1,"minecraft:rotten_flesh":138,"minecraft:azure_bluet":9,"minecraft:charcoal":4,"minecraft:melon_seeds":4,"minecraft:ladder":1,"minecraft:stone_hoe":1,"minecraft:bread":8,"minecraft:wheat_seeds":34,"minecraft:cobblestone":1,"minecraft:stick":4,"minecraft:wooden_axe":1,"minecraft:pumpkin":2,"minecraft:iron_shovel":1,"minecraft:string":3,"minecraft:dandelion":1,"minecraft:stone":2,"minecraft:peony":1,"minecraft:bow":1,"minecraft:wooden_pickaxe":1},"minecraft:picked_up":{"minecraft:wooden_axe":1,"minecraft:iron_chestplate":9,"minecraft:wheat":99,"minecraft:flower_pot":2,"minecraft:smithing_table":1,"minecraft:diamond_sword":9,"minecraft:acacia_pressure_plate":4,"minecraft:stone_brick_stairs":4,"minecraft:brewing_stand":1,"minecraft:amethyst_block":42,"minecraft:string":12,"minecraft:raw_copper":236,"minecraft:iron_leggings":5,"minecraft:smooth_stone_slab":22,"minecraft:cherry_boat":12,"minecraft:cobbled_deepslate":1287,"minecraft:bucket":8,"minecraft:spruce_planks":1,"minecraft:red_dye":8,"minecraft:white_tulip":1,"minecraft:calcite":56,"minecraft:wooden_shovel":1,"minecraft:iron_pickaxe":2,"minecraft:melon_slice":141,"minecraft:iron_boots":9,"minecraft:furnace":1,"minecraft:golden_helmet":2,"minecraft:stick":134,"minecraft:acacia_fence":42,"minecraft:composter":7,"minecraft:oak_fence":29,"minecraft:torch":211,"minecraft:acacia_log":329,"minecraft:porkchop":20,"minecraft:cherry_log":116,"minecraft:pointed_dripstone":134,"minecraft:diorite":178,"minecraft:vine":34,"minecraft:copper_door":1,"minecraft:cauldron":2,"minecraft:orange_bed":7,"minecraft:stone_sword":1,"minecraft:rotten_flesh":158,"minecraft:armadillo_scute":1,"minecraft:deepslate_brick_stairs":22,"minecraft:obsidian":28,"minecraft:iron_bars":3,"minecraft:cod":5,"minecraft:cobblestone":3506,"minecraft:birch_log":122,"minecraft:pink_petals":68,"minecraft:magma_block":11,"minecraft:lilac":6,"minecraft:feather":4,"minecraft:cooked_beef":24,"minecraft:cherry_planks":3,"minecraft:jungle_log":39,"minecraft:water_bucket":5,"minecraft:andesite":142,"minecraft:golden_leggings":2,"minecraft:smoker":1,"minecraft:potato":16,"minecraft:flint":25,"minecraft:tuff":51,"minecraft:acacia_boat":7,"minecraft:lapis_lazuli":247,"minecraft:dirt":1418,"minecraft:lantern":6,"minecraft:bone":17,"minecraft:acacia_planks":319,"minecraft:stonecutter":10,"minecraft:bow":10,"minecraft:orange_tulip":7,"minecraft:wheat_seeds":517,"minecraft:raw_gold":113,"minecraft:bell":4,"minecraft:bamboo":49,"minecraft:oak_planks":101,"minecraft:stone_hoe":1,"minecraft:cooked_porkchop":2,"minecraft:music_disc_13":1,"minecraft:bamboo_raft":3,"minecraft:sand":89,"minecraft:jungle_planks":13,"minecraft:loom":2,"minecraft:lily_of_the_valley":2,"minecraft:acacia_stairs":285,"minecraft:red_terracotta":67,"minecraft:jungle_leaves":49,"minecraft:diamond":10,"minecraft:granite":74,"minecraft:bone_meal":37,"minecraft:bread":36,"minecraft:oak_sapling":66,"minecraft:netherrack":140,"minecraft:oak_leaves":50,"minecraft:diamond_pickaxe":11,"minecraft:charcoal":4,"minecraft:cocoa_beans":2,"minecraft:crafting_table":12,"minecraft:allium":2,"minecraft:azure_bluet":14,"minecraft:chicken":1,"minecraft:ladder":11,"minecraft:clay_ball":212,"minecraft:golden_pickaxe":1,"minecraft:brown_mushroom":6,"minecraft:wooden_pickaxe":1,"minecraft:stone_brick_wall":1,"minecraft:gold_block":3,"minecraft:shield":12,"minecraft:cornflower":2,"minecraft:red_bed":5,"minecraft:stone_stairs":96,"minecraft:iron_axe":2,"minecraft:acacia_door":16,"minecraft:flint_and_steel":1,"minecraft:compass":3,"minecraft:iron_shovel":2,"minecraft:birch_fence":5,"minecraft:glass_pane":4,"minecraft:cracked_stone_bricks":1,"minecraft:beef":95,"minecraft:iron_nugget":31,"minecraft:poppy":32,"minecraft:sugar_cane":207,"minecraft:chest":8,"minecraft:birch_sapling":33,"minecraft:egg":19,"minecraft:raw_iron":438,"minecraft:copper_ingot":1,"minecraft:fire_charge":2,"minecraft:carrot":20,"minecraft:redstone":210,"minecraft:arrow":38,"minecraft:stone_shovel":2,"minecraft:peony":14,"minecraft:beetroot_seeds":9,"minecraft:golden_hoe":2,"minecraft:shears":4,"minecraft:hay_block":43,"minecraft:yellow_terracotta":31,"minecraft:saddle":1,"minecraft:mutton":55,"minecraft:white_wool":44,"minecraft:stripped_oak_log":1,"minecraft:jungle_boat":2,"minecraft:clock":1,"minecraft:glow_ink_sac":2,"minecraft:salmon":11,"minecraft:leather":90,"minecraft:fern":2,"minecraft:jungle_fence":5,"minecraft:red_mushroom":1,"minecraft:acacia_wood":24,"minecraft:oak_log":140,"minecraft:yellow_glazed_terracotta":8,"minecraft:gunpowder":4,"minecraft:cobblestone_wall":16,"minecraft:cobblestone_stairs":31,"minecraft:orange_terracotta":31,"minecraft:cooked_mutton":43,"minecraft:red_carpet":3,"minecraft:apple":6,"minecraft:stone_bricks":66,"minecraft:kelp":10,"minecraft:acacia_trapdoor":4,"minecraft:oak_fence_gate":6,"minecraft:stone_pickaxe":5,"minecraft:tall_grass":1,"minecraft:acacia_sapling":13,"minecraft:book":6,"minecraft:smooth_basalt":119,"minecraft:pumpkin":23,"minecraft:sweet_berries":160,"minecraft:stone_brick_slab":1,"minecraft:dandelion":17,"minecraft:dripstone_block":10,"minecraft:gravel":101,"minecraft:amethyst_shard":12,"minecraft:spruce_sapling":4,"minecraft:white_bed":7,"minecraft:spruce_log":14,"minecraft:crying_obsidian":2,"minecraft:mossy_stone_brick_slab":1,"minecraft:purple_bed":4,"minecraft:stone_axe":2,"minecraft:short_grass":9,"minecraft:iron_helmet":4,"minecraft:diamond_axe":7,"minecraft:cherry_sapling":32,"minecraft:gray_wool":7,"minecraft:melon_seeds":22,"minecraft:brown_banner":15,"minecraft:acacia_slab":48,"minecraft:black_wool":2,"minecraft:coal":633},"minecraft:crafted":{"minecraft:brick":10,"minecraft:oak_planks":324,"minecraft:jungle_fence_gate":1,"minecraft:cobblestone_slab":6,"minecraft:acacia_pressure_plate":1,"minecraft:cherry_boat":1,"minecraft:cobblestone_stairs":29,"minecraft:loom":1,"minecraft:stone":698,"minecraft:bookshelf":8,"minecraft:cooked_mutton":36,"minecraft:deepslate_brick_stairs":14,"minecraft:bamboo_block":3,"minecraft:glass":17,"minecraft:iron_boots":1,"minecraft:birch_fence_gate":3,"minecraft:chest":6,"minecraft:acacia_fence":75,"minecraft:stone_hoe":1,"minecraft:bamboo_raft":1,"minecraft:golden_axe":1,"minecraft:wooden_shovel":2,"minecraft:emerald":2,"minecraft:cooked_porkchop":21,"minecraft:diamond_axe":1,"minecraft:crafting_table":5,"minecraft:spruce_planks":8,"minecraft:acacia_slab":72,"minecraft:wooden_pickaxe":1,"minecraft:baked_potato":5,"minecraft:copper_door":3,"minecraft:smithing_table":1,"minecraft:mossy_cobblestone":10,"minecraft:copper_ingot":44,"minecraft:acacia_button":5,"minecraft:birch_planks":100,"minecraft:pumpkin_seeds":20,"minecraft:bamboo_planks":6,"minecraft:book":26,"minecraft:paper":108,"minecraft:diamond_pickaxe":1,"minecraft:birch_fence":39,"minecraft:stick":194,"minecraft:iron_ingot":175,"minecraft:iron_pickaxe":4,"minecraft:stone_sword":2,"minecraft:acacia_door":3,"minecraft:gold_ingot":41,"minecraft:composter":4,"minecraft:shears":1,"minecraft:cherry_planks":8,"minecraft:wooden_sword":1,"minecraft:stone_shovel":4,"minecraft:stone_brick_wall":1,"minecraft:iron_nugget":81,"minecraft:furnace":2,"minecraft:mossy_cobblestone_stairs":4,"minecraft:bone_meal":27,"minecraft:glass_pane":32,"minecraft:lantern":13,"minecraft:iron_axe":2,"minecraft:ladder":6,"minecraft:stone_pickaxe":2,"minecraft:cobblestone_wall":18,"minecraft:redstone_block":2,"minecraft:jungle_fence":21,"minecraft:golden_helmet":1,"minecraft:wheat":90,"minecraft:cooked_beef":36,"minecraft:red_dye":11,"minecraft:diamond_sword":1,"minecraft:enchanting_table":1,"minecraft:acacia_trapdoor":4,"minecraft:red_bed":2,"minecraft:golden_shovel":1,"minecraft:bucket":3,"minecraft:acacia_stairs":32,"minecraft:stone_axe":2,"minecraft:bread":28,"minecraft:acacia_boat":2,"minecraft:air":0,"minecraft:jungle_planks":136,"minecraft:wooden_axe":2,"minecraft:iron_shovel":3,"minecraft:iron_leggings":1,"minecraft:stonecutter":2,"minecraft:white_bed":2,"minecraft:note_block":1,"minecraft:acacia_planks":564,"minecraft:torch":264},"minecraft:killed_by":{"minecraft:creeper":1,"minecraft:drowned":1,"minecraft:zombie":6,"minecraft:skeleton":5},"minecraft:killed":{"minecraft:spider":9,"minecraft:cod":5,"minecraft:skeleton":19,"minecraft:pig":8,"minecraft:zombie_villager":1,"minecraft:salmon":11,"minecraft:sheep":33,"minecraft:pillager":10,"minecraft:zombie":40,"minecraft:cow":31,"minecraft:drowned":2}},"DataVersion":3955}