{"stats":{"minecraft:crafted":{"minecraft:brick":10,"minecraft:oak_planks":324,"minecraft:jungle_fence_gate":1,"minecraft:acacia_pressure_plate":1,"minecraft:cherry_boat":1,"minecraft:stone":616,"minecraft:cobblestone_stairs":6,"minecraft:cooked_mutton":25,"minecraft:deepslate_brick_stairs":14,"minecraft:bamboo_block":3,"minecraft:glass":17,"minecraft:birch_fence_gate":3,"minecraft:chest":6,"minecraft:acacia_fence":75,"minecraft:stone_hoe":1,"minecraft:bamboo_raft":1,"minecraft:golden_axe":1,"minecraft:wooden_shovel":2,"minecraft:emerald":2,"minecraft:cooked_porkchop":19,"minecraft:diamond_axe":1,"minecraft:crafting_table":5,"minecraft:spruce_planks":8,"minecraft:acacia_slab":48,"minecraft:wooden_pickaxe":1,"minecraft:baked_potato":5,"minecraft:acacia_button":1,"minecraft:birch_planks":100,"minecraft:pumpkin_seeds":20,"minecraft:bamboo_planks":6,"minecraft:diamond_pickaxe":1,"minecraft:birch_fence":39,"minecraft:stick":142,"minecraft:iron_ingot":88,"minecraft:stone_sword":2,"minecraft:acacia_door":3,"minecraft:gold_ingot":37,"minecraft:composter":4,"minecraft:shears":1,"minecraft:cherry_planks":8,"minecraft:wooden_sword":1,"minecraft:stone_shovel":4,"minecraft:stone_brick_wall":1,"minecraft:iron_nugget":45,"minecraft:furnace":2,"minecraft:bone_meal":15,"minecraft:glass_pane":16,"minecraft:lantern":8,"minecraft:iron_axe":1,"minecraft:ladder":3,"minecraft:stone_pickaxe":2,"minecraft:cobblestone_wall":12,"minecraft:jungle_fence":21,"minecraft:golden_helmet":1,"minecraft:wheat":54,"minecraft:cooked_beef":28,"minecraft:red_dye":11,"minecraft:diamond_sword":1,"minecraft:red_bed":2,"minecraft:golden_shovel":1,"minecraft:bucket":3,"minecraft:acacia_stairs":32,"minecraft:stone_axe":2,"minecraft:acacia_boat":2,"minecraft:air":0,"minecraft:jungle_planks":116,"minecraft:wooden_axe":2,"minecraft:iron_shovel":2,"minecraft:stonecutter":2,"minecraft:white_bed":2,"minecraft:acacia_planks":380,"minecraft:torch":144},"minecraft:used":{"minecraft:peony":3,"minecraft:cherry_sapling":26,"minecraft:iron_shovel":441,"minecraft:ladder":6,"minecraft:poppy":14,"minecraft:shield":36,"minecraft:chest":10,"minecraft:stone":115,"minecraft:jungle_planks":10,"minecraft:acacia_sapling":8,"minecraft:acacia_button":1,"minecraft:tuff":1,"minecraft:obsidian":6,"minecraft:lava_bucket":4,"minecraft:jungle_fence_gate":1,"minecraft:lantern":8,"minecraft:birch_sapling":2,"minecraft:stone_bricks":243,"minecraft:red_carpet":2,"minecraft:bow":2,"minecraft:hay_block":10,"minecraft:sweet_berries":18,"minecraft:oak_sapling":14,"minecraft:furnace":3,"minecraft:acacia_fence":20,"minecraft:potato":4,"minecraft:short_grass":1,"minecraft:diorite":2,"minecraft:oak_planks":81,"minecraft:stone_pickaxe":260,"minecraft:jungle_fence":21,"minecraft:wooden_pickaxe":43,"minecraft:sugar_cane":21,"minecraft:composter":6,"minecraft:diamond_axe":1058,"minecraft:jungle_boat":2,"minecraft:oak_leaves":8,"minecraft:golden_hoe":78,"minecraft:sand":6,"minecraft:stone_brick_wall":1,"minecraft:shears":106,"minecraft:deepslate_brick_stairs":6,"minecraft:birch_fence":35,"minecraft:birch_fence_gate":2,"minecraft:acacia_door":9,"minecraft:melon_slice":6,"minecraft:bread":26,"minecraft:red_terracotta":41,"minecraft:gravel":3,"minecraft:lilac":6,"minecraft:diamond_sword":497,"minecraft:wooden_sword":56,"minecraft:andesite":10,"minecraft:tropical_fish_bucket":5,"minecraft:bone_meal":16,"minecraft:cherry_boat":10,"minecraft:jungle_leaves":4,"minecraft:stone_sword":149,"minecraft:acacia_log":51,"minecraft:flint_and_steel":3,"minecraft:stone_shovel":588,"minecraft:wooden_shovel":122,"minecraft:stone_hoe":123,"minecraft:netherrack":62,"minecraft:orange_bed":1,"minecraft:torch":105,"minecraft:dirt":926,"minecraft:cobblestone_wall":26,"minecraft:stone_stairs":74,"minecraft:cod_bucket":2,"minecraft:golden_shovel":32,"minecraft:wooden_axe":86,"minecraft:bamboo_raft":3,"minecraft:iron_axe":51,"minecraft:acacia_slab":32,"minecraft:jungle_log":1,"minecraft:melon_seeds":10,"minecraft:bamboo":11,"minecraft:acacia_wood":12,"minecraft:cooked_beef":32,"minecraft:cobbled_deepslate":4,"minecraft:acacia_planks":173,"minecraft:cherry_log":3,"minecraft:golden_axe":32,"minecraft:wheat_seeds":169,"minecraft:cooked_mutton":47,"minecraft:water_bucket":58,"minecraft:acacia_boat":8,"minecraft:cobblestone_stairs":6,"minecraft:baked_potato":5,"minecraft:stonecutter":4,"minecraft:crafting_table":15,"minecraft:red_bed":5,"minecraft:white_bed":6,"minecraft:smoker":1,"minecraft:oak_log":59,"minecraft:acacia_stairs":63,"minecraft:diamond_pickaxe":2470,"minecraft:iron_pickaxe":236,"minecraft:stone_axe":281,"minecraft:cobblestone":484,"minecraft:purple_bed":2,"minecraft:acacia_pressure_plate":2,"minecraft:cooked_porkchop":17,"minecraft:bucket":69,"minecraft:glass_pane":16,"minecraft:stripped_oak_log":1,"minecraft:dandelion":9,"minecraft:kelp":8},"minecraft:custom":{"minecraft:animals_bred":7,"minecraft:interact_with_crafting_table":105,"minecraft:open_barrel":2,"minecraft:bell_ring":1,"minecraft:leave_game":6,"minecraft:time_since_death":92440,"minecraft:sprint_one_cm":3963798,"minecraft:damage_blocked_by_shield":1656,"minecraft:drop":46,"minecraft:talked_to_villager":36,"minecraft:play_time":949449,"minecraft:deaths":10,"minecraft:jump":7464,"minecraft:walk_on_water_one_cm":277298,"minecraft:interact_with_furnace":152,"minecraft:traded_with_villager":3,"minecraft:interact_with_cartography_table":1,"minecraft:sleep_in_bed":59,"minecraft:damage_dealt":16704,"minecraft:crouch_one_cm":18306,"minecraft:interact_with_smoker":6,"minecraft:mob_kills":132,"minecraft:climb_one_cm":6030,"minecraft:walk_one_cm":3775683,"minecraft:sneak_time":8794,"minecraft:walk_under_water_one_cm":179916,"minecraft:boat_one_cm":1573113,"minecraft:interact_with_blast_furnace":1,"minecraft:total_world_time":949449,"minecraft:interact_with_stonecutter":29,"minecraft:time_since_rest":4342,"minecraft:damage_taken":7468,"minecraft:swim_one_cm":27646,"minecraft:fly_one_cm":378808,"minecraft:open_chest":377,"minecraft:fall_one_cm":82108},"minecraft:broken":{"minecraft:golden_helmet":1,"minecraft:iron_shovel":1,"minecraft:wooden_shovel":2,"minecraft:iron_boots":1,"minecraft:golden_shovel":1,"minecraft:golden_leggings":1,"minecraft:stone_pickaxe":2,"minecraft:diamond_pickaxe":1,"minecraft:wooden_sword":1,"minecraft:stone_axe":2,"minecraft:wooden_axe":1,"minecraft:stone_shovel":4,"minecraft:stone_sword":1,"minecraft:golden_axe":1,"minecraft:iron_pickaxe":1},"minecraft:dropped":{"minecraft:glow_ink_sac":1,"minecraft:cooked_porkchop":2,"minecraft:orange_tulip":6,"minecraft:red_mushroom":1,"minecraft:flint":4,"minecraft:white_wool":1,"minecraft:gravel":9,"minecraft:white_tulip":1,"minecraft:stone_axe":1,"minecraft:rotten_flesh":45,"minecraft:azure_bluet":9,"minecraft:charcoal":4,"minecraft:melon_seeds":4,"minecraft:stone_hoe":1,"minecraft:bread":1,"minecraft:wheat_seeds":34,"minecraft:cobblestone":1,"minecraft:wooden_axe":1,"minecraft:pumpkin":2,"minecraft:iron_shovel":1,"minecraft:string":3,"minecraft:dandelion":1,"minecraft:stone":2,"minecraft:peony":1,"minecraft:wooden_pickaxe":1},"minecraft:killed_by":{"minecraft:drowned":1,"minecraft:zombie":6,"minecraft:skeleton":1},"minecraft:killed":{"minecraft:spider":4,"minecraft:cod":5,"minecraft:skeleton":10,"minecraft:pig":8,"minecraft:zombie_villager":1,"minecraft:salmon":11,"minecraft:sheep":29,"minecraft:pillager":10,"minecraft:zombie":19,"minecraft:cow":31,"minecraft:drowned":2},"minecraft:picked_up":{"minecraft:wooden_axe":1,"minecraft:iron_chestplate":8,"minecraft:wheat":78,"minecraft:flower_pot":2,"minecraft:diamond_sword":4,"minecraft:acacia_pressure_plate":4,"minecraft:stone_brick_stairs":4,"minecraft:brewing_stand":1,"minecraft:string":6,"minecraft:raw_copper":105,"minecraft:iron_leggings":5,"minecraft:smooth_stone_slab":22,"minecraft:cherry_boat":12,"minecraft:cobbled_deepslate":828,"minecraft:bucket":7,"minecraft:spruce_planks":1,"minecraft:white_tulip":1,"minecraft:red_dye":8,"minecraft:calcite":1,"minecraft:wooden_shovel":1,"minecraft:iron_pickaxe":2,"minecraft:melon_slice":141,"minecraft:furnace":1,"minecraft:iron_boots":9,"minecraft:golden_helmet":2,"minecraft:stick":115,"minecraft:acacia_fence":37,"minecraft:composter":3,"minecraft:oak_fence":29,"minecraft:torch":176,"minecraft:acacia_log":201,"minecraft:porkchop":20,"minecraft:cherry_log":116,"minecraft:pointed_dripstone":134,"minecraft:diorite":99,"minecraft:vine":7,"minecraft:cauldron":2,"minecraft:orange_bed":2,"minecraft:stone_sword":1,"minecraft:rotten_flesh":56,"minecraft:armadillo_scute":1,"minecraft:deepslate_brick_stairs":22,"minecraft:obsidian":26,"minecraft:iron_bars":1,"minecraft:cod":5,"minecraft:cobblestone":2632,"minecraft:birch_log":122,"minecraft:pink_petals":68,"minecraft:magma_block":11,"minecraft:cooked_beef":16,"minecraft:feather":4,"minecraft:lilac":6,"minecraft:cherry_planks":3,"minecraft:water_bucket":5,"minecraft:andesite":23,"minecraft:jungle_log":34,"minecraft:golden_leggings":2,"minecraft:smoker":1,"minecraft:potato":16,"minecraft:flint":23,"minecraft:tuff":2,"minecraft:acacia_boat":7,"minecraft:lantern":3,"minecraft:lapis_lazuli":105,"minecraft:dirt":1211,"minecraft:bone":1,"minecraft:acacia_planks":176,"minecraft:stonecutter":3,"minecraft:bow":6,"minecraft:orange_tulip":7,"minecraft:wheat_seeds":459,"minecraft:raw_gold":74,"minecraft:bell":1,"minecraft:bamboo":49,"minecraft:stone_hoe":1,"minecraft:oak_planks":99,"minecraft:music_disc_13":1,"minecraft:bamboo_raft":3,"minecraft:sand":74,"minecraft:acacia_stairs":234,"minecraft:lily_of_the_valley":2,"minecraft:red_terracotta":64,"minecraft:jungle_leaves":36,"minecraft:diamond":6,"minecraft:granite":57,"minecraft:bone_meal":37,"minecraft:bread":11,"minecraft:oak_sapling":66,"minecraft:netherrack":119,"minecraft:oak_leaves":50,"minecraft:diamond_pickaxe":7,"minecraft:charcoal":4,"minecraft:cocoa_beans":2,"minecraft:crafting_table":11,"minecraft:allium":2,"minecraft:azure_bluet":14,"minecraft:chicken":1,"minecraft:ladder":3,"minecraft:clay_ball":64,"minecraft:golden_pickaxe":1,"minecraft:brown_mushroom":6,"minecraft:wooden_pickaxe":1,"minecraft:gold_block":1,"minecraft:shield":8,"minecraft:cornflower":2,"minecraft:red_bed":3,"minecraft:stone_stairs":96,"minecraft:iron_axe":1,"minecraft:acacia_door":10,"minecraft:flint_and_steel":1,"minecraft:compass":3,"minecraft:iron_shovel":2,"minecraft:birch_fence":5,"minecraft:glass_pane":4,"minecraft:cracked_stone_bricks":1,"minecraft:beef":95,"minecraft:iron_nugget":31,"minecraft:poppy":32,"minecraft:sugar_cane":31,"minecraft:chest":6,"minecraft:birch_sapling":33,"minecraft:egg":19,"minecraft:raw_iron":216,"minecraft:copper_ingot":1,"minecraft:fire_charge":2,"minecraft:carrot":20,"minecraft:redstone":18,"minecraft:stone_shovel":2,"minecraft:arrow":25,"minecraft:peony":14,"minecraft:beetroot_seeds":9,"minecraft:golden_hoe":2,"minecraft:hay_block":37,"minecraft:yellow_terracotta":31,"minecraft:saddle":1,"minecraft:mutton":48,"minecraft:white_wool":41,"minecraft:stripped_oak_log":1,"minecraft:jungle_boat":2,"minecraft:clock":1,"minecraft:glow_ink_sac":2,"minecraft:salmon":11,"minecraft:leather":90,"minecraft:jungle_fence":5,"minecraft:red_mushroom":1,"minecraft:acacia_wood":23,"minecraft:oak_log":140,"minecraft:cobblestone_wall":16,"minecraft:gunpowder":4,"minecraft:cobblestone_stairs":2,"minecraft:cooked_mutton":41,"minecraft:red_carpet":3,"minecraft:apple":6,"minecraft:stone_bricks":54,"minecraft:kelp":10,"minecraft:oak_fence_gate":6,"minecraft:stone_pickaxe":5,"minecraft:acacia_sapling":11,"minecraft:smooth_basalt":3,"minecraft:pumpkin":23,"minecraft:sweet_berries":160,"minecraft:dandelion":17,"minecraft:dripstone_block":10,"minecraft:gravel":87,"minecraft:spruce_sapling":4,"minecraft:white_bed":7,"minecraft:spruce_log":14,"minecraft:crying_obsidian":2,"minecraft:purple_bed":4,"minecraft:stone_axe":2,"minecraft:short_grass":5,"minecraft:iron_helmet":4,"minecraft:diamond_axe":2,"minecraft:cherry_sapling":32,"minecraft:gray_wool":6,"minecraft:melon_seeds":20,"minecraft:brown_banner":15,"minecraft:acacia_slab":46,"minecraft:black_wool":2,"minecraft:coal":460},"minecraft:mined":{"minecraft:white_bed":4,"minecraft:oak_sapling":2,"minecraft:farmland":52,"minecraft:cobblestone_stairs":1,"minecraft:cherry_log":36,"minecraft:jungle_leaves":44,"minecraft:brewing_stand":1,"minecraft:obsidian":29,"minecraft:granite":15,"minecraft:budding_amethyst":1,"minecraft:acacia_log":184,"minecraft:grass_block":562,"minecraft:jungle_log":34,"minecraft:composter":3,"minecraft:acacia_pressure_plate":4,"minecraft:spawner":1,"minecraft:tall_seagrass":5,"minecraft:magma_block":14,"minecraft:iron_ore":105,"minecraft:cobbled_deepslate":4,"minecraft:fire":19,"minecraft:pumpkin":14,"minecraft:deepslate_lapis_ore":1,"minecraft:azure_bluet":7,"minecraft:pointed_dripstone":49,"minecraft:water_cauldron":2,"minecraft:dirt_path":160,"minecraft:iron_bars":1,"minecraft:deepslate_brick_stairs":6,"minecraft:orange_bed":2,"minecraft:deepslate_redstone_ore":2,"minecraft:brown_mushroom":4,"minecraft:red_bed":3,"minecraft:kelp_plant":2,"minecraft:melon_stem":10,"minecraft:medium_amethyst_bud":1,"minecraft:smoker":1,"minecraft:clay":16,"minecraft:torch":4,"minecraft:calcite":1,"minecraft:poppy":28,"minecraft:melon":27,"minecraft:chest":4,"minecraft:dead_bush":1,"minecraft:cobblestone":89,"minecraft:oak_planks":3,"minecraft:sugar_cane":12,"minecraft:wall_torch":4,"minecraft:pink_petals":12,"minecraft:seagrass":3,"minecraft:stone_stairs":72,"minecraft:birch_log":102,"minecraft:wheat":197,"minecraft:lilac":8,"minecraft:brown_wall_banner":13,"minecraft:orange_tulip":4,"minecraft:stone_brick_stairs":2,"minecraft:smooth_stone_slab":11,"minecraft:oak_log":142,"minecraft:beetroots":9,"minecraft:oak_fence_gate":6,"minecraft:acacia_fence":25,"minecraft:sand":73,"minecraft:dirt":249,"minecraft:smooth_basalt":2,"minecraft:stonecutter":3,"minecraft:netherrack":127,"minecraft:oak_leaves":134,"minecraft:deepslate":322,"minecraft:yellow_terracotta":31,"minecraft:crying_obsidian":3,"minecraft:diamond_ore":1,"minecraft:tuff":6,"minecraft:red_carpet":3,"minecraft:deepslate_diamond_ore":2,"minecraft:cherry_sapling":5,"minecraft:glow_lichen":1,"minecraft:ladder":3,"minecraft:spruce_leaves":26,"minecraft:acacia_slab":29,"minecraft:red_mushroom":1,"minecraft:large_fern":2,"minecraft:hay_block":37,"minecraft:furnace":1,"minecraft:carrots":20,"minecraft:acacia_wood":23,"minecraft:andesite":27,"minecraft:acacia_stairs":152,"minecraft:peony":13,"minecraft:gold_block":1,"minecraft:bell":1,"minecraft:potatoes":13,"minecraft:deepslate_iron_ore":12,"minecraft:vine":20,"minecraft:lantern":3,"minecraft:potted_spruce_sapling":1,"minecraft:stripped_oak_log":1,"minecraft:packed_ice":5,"minecraft:bamboo":4,"minecraft:stone":1234,"minecraft:white_tulip":1,"minecraft:acacia_leaves":9,"minecraft:glass_pane":12,"minecraft:lily_of_the_valley":1,"minecraft:dandelion":21,"minecraft:oak_fence":29,"minecraft:crafting_table":10,"minecraft:cornflower":2,"minecraft:short_grass":490,"minecraft:campfire":1,"minecraft:copper_ore":15,"minecraft:tall_grass":51,"minecraft:lapis_ore":8,"minecraft:deepslate_gold_ore":30,"minecraft:diorite":47,"minecraft:purple_bed":3,"minecraft:red_terracotta":64,"minecraft:cobblestone_wall":16,"minecraft:sweet_berry_bush":40,"minecraft:spruce_log":10,"minecraft:birch_leaves":8,"minecraft:jungle_fence":5,"minecraft:coal_ore":369,"minecraft:cherry_leaves":17,"minecraft:dripstone_block":11,"minecraft:gravel":80,"minecraft:acacia_door":8,"minecraft:cracked_stone_bricks":2,"minecraft:acacia_planks":157,"minecraft:stone_bricks":29,"minecraft:birch_fence":5,"minecraft:fern":4}},"DataVersion":3955}