{"stats":{"minecraft:crafted":{"minecraft:oak_planks":280,"minecraft:cherry_boat":1,"minecraft:stone":563,"minecraft:cooked_mutton":22,"minecraft:deepslate_brick_stairs":14,"minecraft:birch_fence_gate":3,"minecraft:chest":6,"minecraft:golden_axe":1,"minecraft:wooden_shovel":1,"minecraft:cooked_porkchop":19,"minecraft:crafting_table":2,"minecraft:spruce_planks":8,"minecraft:baked_potato":5,"minecraft:wooden_pickaxe":1,"minecraft:birch_planks":100,"minecraft:diamond_pickaxe":1,"minecraft:birch_fence":39,"minecraft:stick":84,"minecraft:iron_ingot":82,"minecraft:stone_sword":2,"minecraft:gold_ingot":37,"minecraft:cherry_planks":8,"minecraft:wooden_sword":1,"minecraft:stone_shovel":1,"minecraft:iron_nugget":27,"minecraft:bone_meal":15,"minecraft:lantern":6,"minecraft:iron_axe":1,"minecraft:stone_pickaxe":2,"minecraft:cobblestone_wall":6,"minecraft:golden_helmet":1,"minecraft:cooked_beef":10,"minecraft:diamond_sword":1,"minecraft:golden_shovel":1,"minecraft:bucket":3,"minecraft:stone_axe":2,"minecraft:acacia_boat":1,"minecraft:air":0,"minecraft:wooden_axe":2,"minecraft:iron_shovel":1,"minecraft:stonecutter":1,"minecraft:white_bed":1,"minecraft:acacia_planks":60,"minecraft:torch":140},"minecraft:used":{"minecraft:peony":3,"minecraft:cherry_sapling":26,"minecraft:iron_shovel":185,"minecraft:chest":6,"minecraft:shield":36,"minecraft:stone":115,"minecraft:tuff":1,"minecraft:obsidian":6,"minecraft:lantern":6,"minecraft:birch_sapling":2,"minecraft:stone_bricks":191,"minecraft:red_carpet":2,"minecraft:bow":2,"minecraft:sweet_berries":18,"minecraft:oak_sapling":6,"minecraft:diorite":2,"minecraft:stone_pickaxe":260,"minecraft:oak_planks":81,"minecraft:wooden_pickaxe":43,"minecraft:jungle_boat":2,"minecraft:golden_hoe":78,"minecraft:deepslate_brick_stairs":6,"minecraft:birch_fence":35,"minecraft:birch_fence_gate":2,"minecraft:bread":16,"minecraft:gravel":2,"minecraft:lilac":6,"minecraft:diamond_sword":398,"minecraft:wooden_sword":56,"minecraft:andesite":10,"minecraft:bone_meal":16,"minecraft:cherry_boat":8,"minecraft:stone_sword":149,"minecraft:flint_and_steel":3,"minecraft:stone_shovel":100,"minecraft:wooden_shovel":60,"minecraft:netherrack":62,"minecraft:torch":94,"minecraft:dirt":344,"minecraft:cobblestone_wall":11,"minecraft:stone_stairs":74,"minecraft:cod_bucket":2,"minecraft:golden_shovel":32,"minecraft:wooden_axe":81,"minecraft:iron_axe":51,"minecraft:cooked_beef":17,"minecraft:acacia_planks":31,"minecraft:cobbled_deepslate":4,"minecraft:cherry_log":3,"minecraft:golden_axe":32,"minecraft:wheat_seeds":73,"minecraft:cooked_mutton":32,"minecraft:acacia_boat":6,"minecraft:water_bucket":40,"minecraft:baked_potato":5,"minecraft:stonecutter":1,"minecraft:crafting_table":5,"minecraft:red_bed":1,"minecraft:white_bed":5,"minecraft:smoker":1,"minecraft:oak_log":34,"minecraft:diamond_pickaxe":1604,"minecraft:iron_pickaxe":236,"minecraft:stone_axe":281,"minecraft:cobblestone":223,"minecraft:purple_bed":2,"minecraft:cooked_porkchop":17,"minecraft:bucket":46,"minecraft:kelp":8},"minecraft:custom":{"minecraft:animals_bred":5,"minecraft:interact_with_crafting_table":44,"minecraft:open_barrel":2,"minecraft:bell_ring":1,"minecraft:leave_game":4,"minecraft:time_since_death":35668,"minecraft:sprint_one_cm":2395814,"minecraft:damage_blocked_by_shield":1656,"minecraft:drop":35,"minecraft:talked_to_villager":20,"minecraft:play_time":608746,"minecraft:deaths":8,"minecraft:jump":5869,"minecraft:walk_on_water_one_cm":172940,"minecraft:interact_with_furnace":124,"minecraft:interact_with_cartography_table":1,"minecraft:sleep_in_bed":35,"minecraft:damage_dealt":13936,"minecraft:crouch_one_cm":12974,"minecraft:interact_with_smoker":6,"minecraft:mob_kills":109,"minecraft:climb_one_cm":548,"minecraft:walk_one_cm":2453916,"minecraft:sneak_time":5741,"minecraft:walk_under_water_one_cm":122694,"minecraft:boat_one_cm":1094971,"minecraft:interact_with_blast_furnace":1,"minecraft:total_world_time":608746,"minecraft:interact_with_stonecutter":19,"minecraft:time_since_rest":10249,"minecraft:damage_taken":6076,"minecraft:swim_one_cm":24611,"minecraft:fly_one_cm":260399,"minecraft:open_chest":276,"minecraft:fall_one_cm":63953},"minecraft:broken":{"minecraft:wooden_shovel":1,"minecraft:golden_shovel":1,"minecraft:golden_leggings":1,"minecraft:stone_pickaxe":2,"minecraft:diamond_pickaxe":1,"minecraft:wooden_sword":1,"minecraft:stone_axe":2,"minecraft:stone_sword":1,"minecraft:golden_axe":1,"minecraft:iron_pickaxe":1},"minecraft:dropped":{"minecraft:glow_ink_sac":1,"minecraft:cooked_porkchop":2,"minecraft:orange_tulip":6,"minecraft:red_mushroom":1,"minecraft:flint":4,"minecraft:white_wool":1,"minecraft:white_tulip":1,"minecraft:gravel":2,"minecraft:stone_axe":1,"minecraft:rotten_flesh":42,"minecraft:azure_bluet":9,"minecraft:charcoal":4,"minecraft:wheat_seeds":5,"minecraft:wooden_axe":1,"minecraft:pumpkin":2,"minecraft:iron_shovel":1,"minecraft:string":1,"minecraft:stone":2,"minecraft:peony":1,"minecraft:wooden_pickaxe":1},"minecraft:killed_by":{"minecraft:zombie":5,"minecraft:skeleton":1},"minecraft:killed":{"minecraft:spider":3,"minecraft:cod":5,"minecraft:skeleton":10,"minecraft:pig":7,"minecraft:zombie_villager":1,"minecraft:salmon":11,"minecraft:sheep":25,"minecraft:pillager":10,"minecraft:zombie":16,"minecraft:cow":18,"minecraft:drowned":1},"minecraft:picked_up":{"minecraft:wooden_axe":1,"minecraft:iron_chestplate":6,"minecraft:wheat":19,"minecraft:flower_pot":2,"minecraft:diamond_sword":2,"minecraft:stone_brick_stairs":4,"minecraft:brewing_stand":1,"minecraft:string":4,"minecraft:raw_copper":88,"minecraft:smooth_stone_slab":22,"minecraft:iron_leggings":5,"minecraft:cherry_boat":8,"minecraft:cobbled_deepslate":828,"minecraft:bucket":2,"minecraft:spruce_planks":1,"minecraft:white_tulip":1,"minecraft:calcite":1,"minecraft:iron_pickaxe":2,"minecraft:iron_boots":8,"minecraft:golden_helmet":1,"minecraft:stick":78,"minecraft:composter":1,"minecraft:oak_fence":29,"minecraft:acacia_log":15,"minecraft:torch":162,"minecraft:porkchop":18,"minecraft:cherry_log":116,"minecraft:pointed_dripstone":134,"minecraft:diorite":94,"minecraft:cauldron":2,"minecraft:orange_bed":1,"minecraft:stone_sword":1,"minecraft:rotten_flesh":47,"minecraft:deepslate_brick_stairs":22,"minecraft:obsidian":14,"minecraft:iron_bars":1,"minecraft:cod":5,"minecraft:cobblestone":2057,"minecraft:birch_log":122,"minecraft:pink_petals":68,"minecraft:magma_block":10,"minecraft:cooked_beef":2,"minecraft:feather":4,"minecraft:lilac":6,"minecraft:cherry_planks":3,"minecraft:water_bucket":5,"minecraft:andesite":10,"minecraft:golden_leggings":2,"minecraft:smoker":1,"minecraft:potato":12,"minecraft:flint":14,"minecraft:tuff":2,"minecraft:acacia_boat":5,"minecraft:lapis_lazuli":105,"minecraft:lantern":3,"minecraft:dirt":518,"minecraft:bone":1,"minecraft:bow":6,"minecraft:stonecutter":1,"minecraft:orange_tulip":7,"minecraft:wheat_seeds":131,"minecraft:raw_gold":74,"minecraft:oak_planks":99,"minecraft:music_disc_13":1,"minecraft:sand":1,"minecraft:lily_of_the_valley":2,"minecraft:diamond":6,"minecraft:granite":57,"minecraft:bone_meal":37,"minecraft:bread":2,"minecraft:oak_sapling":56,"minecraft:netherrack":99,"minecraft:diamond_pickaxe":5,"minecraft:charcoal":4,"minecraft:allium":2,"minecraft:crafting_table":3,"minecraft:azure_bluet":14,"minecraft:chicken":1,"minecraft:clay_ball":40,"minecraft:golden_pickaxe":1,"minecraft:brown_mushroom":6,"minecraft:wooden_pickaxe":1,"minecraft:gold_block":1,"minecraft:shield":7,"minecraft:red_bed":1,"minecraft:stone_stairs":96,"minecraft:iron_axe":1,"minecraft:flint_and_steel":1,"minecraft:compass":2,"minecraft:iron_shovel":2,"minecraft:birch_fence":5,"minecraft:cracked_stone_bricks":1,"minecraft:beef":48,"minecraft:iron_nugget":21,"minecraft:sugar_cane":10,"minecraft:chest":2,"minecraft:birch_sapling":33,"minecraft:egg":17,"minecraft:raw_iron":210,"minecraft:copper_ingot":1,"minecraft:fire_charge":2,"minecraft:carrot":20,"minecraft:redstone":18,"minecraft:arrow":23,"minecraft:stone_shovel":1,"minecraft:beetroot_seeds":9,"minecraft:peony":14,"minecraft:golden_hoe":2,"minecraft:hay_block":8,"minecraft:saddle":1,"minecraft:mutton":41,"minecraft:white_wool":37,"minecraft:clock":1,"minecraft:jungle_boat":2,"minecraft:glow_ink_sac":2,"minecraft:salmon":11,"minecraft:leather":38,"minecraft:red_mushroom":1,"minecraft:oak_log":78,"minecraft:gunpowder":4,"minecraft:cobblestone_wall":7,"minecraft:cooked_mutton":32,"minecraft:red_carpet":3,"minecraft:apple":3,"minecraft:stone_bricks":23,"minecraft:kelp":10,"minecraft:stone_pickaxe":5,"minecraft:oak_fence_gate":6,"minecraft:smooth_basalt":3,"minecraft:pumpkin":18,"minecraft:sweet_berries":160,"minecraft:dripstone_block":10,"minecraft:gravel":50,"minecraft:spruce_sapling":4,"minecraft:white_bed":5,"minecraft:spruce_log":14,"minecraft:crying_obsidian":2,"minecraft:purple_bed":4,"minecraft:stone_axe":2,"minecraft:iron_helmet":4,"minecraft:cherry_sapling":32,"minecraft:gray_wool":6,"minecraft:black_wool":2,"minecraft:melon_seeds":2,"minecraft:coal":403},"minecraft:mined":{"minecraft:white_bed":3,"minecraft:farmland":3,"minecraft:cherry_log":36,"minecraft:brewing_stand":1,"minecraft:obsidian":15,"minecraft:granite":15,"minecraft:budding_amethyst":1,"minecraft:acacia_log":16,"minecraft:grass_block":208,"minecraft:composter":1,"minecraft:spawner":1,"minecraft:tall_seagrass":4,"minecraft:magma_block":13,"minecraft:cobbled_deepslate":4,"minecraft:iron_ore":99,"minecraft:fire":13,"minecraft:pumpkin":9,"minecraft:deepslate_lapis_ore":1,"minecraft:azure_bluet":3,"minecraft:pointed_dripstone":49,"minecraft:dirt_path":55,"minecraft:water_cauldron":2,"minecraft:iron_bars":1,"minecraft:deepslate_brick_stairs":6,"minecraft:orange_bed":1,"minecraft:deepslate_redstone_ore":2,"minecraft:brown_mushroom":4,"minecraft:red_bed":1,"minecraft:kelp_plant":2,"minecraft:melon_stem":1,"minecraft:smoker":1,"minecraft:medium_amethyst_bud":1,"minecraft:clay":10,"minecraft:torch":2,"minecraft:calcite":1,"minecraft:dead_bush":1,"minecraft:cobblestone":35,"minecraft:sugar_cane":3,"minecraft:oak_planks":3,"minecraft:wall_torch":2,"minecraft:pink_petals":12,"minecraft:seagrass":2,"minecraft:stone_stairs":72,"minecraft:birch_log":102,"minecraft:wheat":64,"minecraft:lilac":8,"minecraft:orange_tulip":4,"minecraft:stone_brick_stairs":2,"minecraft:smooth_stone_slab":11,"minecraft:oak_log":80,"minecraft:beetroots":9,"minecraft:oak_fence_gate":6,"minecraft:sand":1,"minecraft:dirt":142,"minecraft:smooth_basalt":2,"minecraft:stonecutter":1,"minecraft:netherrack":107,"minecraft:oak_leaves":55,"minecraft:deepslate":322,"minecraft:red_carpet":3,"minecraft:diamond_ore":1,"minecraft:crying_obsidian":3,"minecraft:tuff":6,"minecraft:deepslate_diamond_ore":2,"minecraft:cherry_sapling":5,"minecraft:glow_lichen":1,"minecraft:spruce_leaves":26,"minecraft:red_mushroom":1,"minecraft:large_fern":2,"minecraft:hay_block":8,"minecraft:carrots":20,"minecraft:andesite":14,"minecraft:peony":13,"minecraft:gold_block":1,"minecraft:potatoes":12,"minecraft:deepslate_iron_ore":12,"minecraft:potted_spruce_sapling":1,"minecraft:lantern":3,"minecraft:packed_ice":5,"minecraft:stone":788,"minecraft:white_tulip":1,"minecraft:acacia_leaves":1,"minecraft:lily_of_the_valley":1,"minecraft:dandelion":2,"minecraft:oak_fence":29,"minecraft:crafting_table":3,"minecraft:short_grass":128,"minecraft:campfire":1,"minecraft:tall_grass":12,"minecraft:copper_ore":9,"minecraft:deepslate_gold_ore":30,"minecraft:lapis_ore":8,"minecraft:diorite":41,"minecraft:purple_bed":3,"minecraft:cobblestone_wall":7,"minecraft:sweet_berry_bush":40,"minecraft:spruce_log":10,"minecraft:birch_leaves":8,"minecraft:coal_ore":312,"minecraft:cherry_leaves":17,"minecraft:gravel":55,"minecraft:dripstone_block":11,"minecraft:cracked_stone_bricks":2,"minecraft:stone_bricks":17,"minecraft:birch_fence":5,"minecraft:fern":2}},"DataVersion":3955}