{
  "minecraft:recipes/misc/charcoal": {
    "criteria": {
      "has_log": "2024-10-13 01:57:58 +0000"
    },
    "done": true
  },
  "minecraft:recipes/decorations/crafting_table": {
    "criteria": {
      "unlock_right_away": "2024-10-13 01:56:16 +0000"
    },
    "done": true
  },
  "minecraft:recipes/building_blocks/acacia_wood": {
    "criteria": {
      "has_log": "2024-10-13 01:57:58 +0000"
    },
    "done": true
  },
  "minecraft:adventure/adventuring_time": {
    "criteria": {
      "minecraft:savanna": "2024-10-13 01:56:17 +0000"
    },
    "done": false
  },
  "minecraft:recipes/building_blocks/acacia_planks": {
    "criteria": {
      "has_log": "2024-10-13 01:57:58 +0000"
    },
    "done": true
  },
  "DataVersion": 3955
}